-- MySQL dump 10.13  Distrib 8.0.25, for Win64 (x86_64)
--
-- Host: localhost    Database: vk
-- ------------------------------------------------------
-- Server version	8.0.25

/*!40101 SET @OLD_CHARACTER_SET_CLIENT=@@CHARACTER_SET_CLIENT */;
/*!40101 SET @OLD_CHARACTER_SET_RESULTS=@@CHARACTER_SET_RESULTS */;
/*!40101 SET @OLD_COLLATION_CONNECTION=@@COLLATION_CONNECTION */;
/*!50503 SET NAMES utf8mb4 */;
/*!40103 SET @OLD_TIME_ZONE=@@TIME_ZONE */;
/*!40103 SET TIME_ZONE='+00:00' */;
/*!40014 SET @OLD_UNIQUE_CHECKS=@@UNIQUE_CHECKS, UNIQUE_CHECKS=0 */;
/*!40014 SET @OLD_FOREIGN_KEY_CHECKS=@@FOREIGN_KEY_CHECKS, FOREIGN_KEY_CHECKS=0 */;
/*!40101 SET @OLD_SQL_MODE=@@SQL_MODE, SQL_MODE='NO_AUTO_VALUE_ON_ZERO' */;
/*!40111 SET @OLD_SQL_NOTES=@@SQL_NOTES, SQL_NOTES=0 */;

--
-- Table structure for table `cities`
--

DROP TABLE IF EXISTS `cities`;
/*!40101 SET @saved_cs_client     = @@character_set_client */;
/*!50503 SET character_set_client = utf8mb4 */;
CREATE TABLE `cities` (
  `id` int unsigned NOT NULL AUTO_INCREMENT,
  `name` varchar(150) CHARACTER SET utf8mb4 COLLATE utf8mb4_unicode_ci NOT NULL,
  `country_id` int unsigned DEFAULT NULL,
  PRIMARY KEY (`id`)
) ENGINE=InnoDB AUTO_INCREMENT=101 DEFAULT CHARSET=utf8mb4 COLLATE=utf8mb4_unicode_ci;
/*!40101 SET character_set_client = @saved_cs_client */;

--
-- Dumping data for table `cities`
--

LOCK TABLES `cities` WRITE;
/*!40000 ALTER TABLE `cities` DISABLE KEYS */;
INSERT INTO `cities` VALUES (1,'Simonisbury',72),(2,'Port Lizethton',58),(3,'O\'Keefeborough',80),(4,'Rheaside',77),(5,'Tyresefurt',86),(6,'Rafaelside',20),(7,'North Simoneland',21),(8,'Taliachester',51),(9,'East Jarrod',49),(10,'Alexandriaton',27),(11,'Reingermouth',40),(12,'Lake Lawson',81),(13,'New Bradly',34),(14,'Zakarytown',61),(15,'New Ninaburgh',29),(16,'North Bryana',38),(17,'East Luella',2),(18,'Lake Belle',51),(19,'West Edwina',30),(20,'East Eleazar',23),(21,'East Titus',34),(22,'Ziemannfurt',87),(23,'Port Della',83),(24,'Wilbertland',91),(25,'Makennaton',86),(26,'North Rollinmouth',16),(27,'Lake Alexandria',67),(28,'Lakinfort',24),(29,'West Quintenhaven',3),(30,'North Demario',10),(31,'East Kian',12),(32,'New Eldridgemouth',71),(33,'South Torrance',89),(34,'Breitenbergborough',6),(35,'Port Katelyn',86),(36,'Lake Yeseniastad',12),(37,'Halvorsonberg',42),(38,'Rogahnville',84),(39,'Summerburgh',72),(40,'Beatriceside',79),(41,'Lake Aidenville',20),(42,'Bethburgh',56),(43,'New Dayanamouth',60),(44,'North Jackie',24),(45,'New Rozellatown',4),(46,'Annehaven',75),(47,'West Katelin',97),(48,'Haleychester',89),(49,'East Jadatown',86),(50,'East Markhaven',67),(51,'Lake Clareport',3),(52,'Kerluketown',70),(53,'Minervaside',96),(54,'Shaniachester',87),(55,'South Baron',6),(56,'Lennachester',14),(57,'Danfort',8),(58,'Port Janis',68),(59,'Antwonside',1),(60,'Emilville',68),(61,'East Matilda',44),(62,'Marcellusberg',49),(63,'Oberbrunnerfurt',18),(64,'Port Rickeyland',29),(65,'South Adriana',37),(66,'Gislasonborough',60),(67,'Kaitlinside',43),(68,'New German',72),(69,'North Afton',64),(70,'Carrieville',41),(71,'Jacintheside',30),(72,'Sterlingchester',45),(73,'West Julieside',36),(74,'Wizatown',92),(75,'Wernertown',55),(76,'North Simoneview',99),(77,'Port Bereniceton',55),(78,'Aiyanabury',36),(79,'North Juliaside',17),(80,'Nicolasshire',23),(81,'North Markus',13),(82,'Rosalynview',34),(83,'Beerfurt',61),(84,'East Leslie',22),(85,'Lake Pablo',14),(86,'Port Luigiborough',78),(87,'Leoraberg',20),(88,'Huelsview',60),(89,'New Winnifred',52),(90,'North Denis',46),(91,'Kenyonburgh',49),(92,'North Darylberg',45),(93,'Maudeborough',41),(94,'East Reyesfort',20),(95,'Gusikowskishire',18),(96,'Cartershire',57),(97,'New Einoport',9),(98,'Mullershire',90),(99,'East Treverville',44),(100,'South Mauricio',43);
/*!40000 ALTER TABLE `cities` ENABLE KEYS */;
UNLOCK TABLES;

--
-- Table structure for table `communities`
--

DROP TABLE IF EXISTS `communities`;
/*!40101 SET @saved_cs_client     = @@character_set_client */;
/*!50503 SET character_set_client = utf8mb4 */;
CREATE TABLE `communities` (
  `id` int unsigned NOT NULL AUTO_INCREMENT COMMENT '╨Ш╨┤╨╡╨╜╤В╨╕╤Д╨╕╨║╨░╤В╨╛╤А ╤Б╤А╨╛╨║╨╕',
  `name` varchar(150) CHARACTER SET utf8mb4 COLLATE utf8mb4_unicode_ci NOT NULL COMMENT '╨Э╨░╨╖╨▓╨░╨╜╨╕╨╡ ╨│╤А╤Г╨┐╨┐╤Л',
  `created_at` datetime DEFAULT CURRENT_TIMESTAMP COMMENT '╨Т╤А╨╡╨╝╤П ╤Б╨╛╨╖╨┤╨░╨╜╨╕╤П ╤Б╤В╤А╨╛╨║╨╕',
  `updated_at` datetime DEFAULT CURRENT_TIMESTAMP ON UPDATE CURRENT_TIMESTAMP COMMENT '╨Т╤А╨╡╨╝╤П ╨╛╨▒╨╜╨╛╨▓╨╗╨╡╨╜╨╕╤П ╤Б╤В╤А╨╛╨║╨╕',
  PRIMARY KEY (`id`),
  UNIQUE KEY `name` (`name`)
) ENGINE=InnoDB AUTO_INCREMENT=101 DEFAULT CHARSET=utf8mb4 COLLATE=utf8mb4_unicode_ci COMMENT='╨У╤А╤Г╨┐╨┐╤Л';
/*!40101 SET character_set_client = @saved_cs_client */;

--
-- Dumping data for table `communities`
--

LOCK TABLES `communities` WRITE;
/*!40000 ALTER TABLE `communities` DISABLE KEYS */;
INSERT INTO `communities` VALUES (1,'voluptate','1977-03-25 10:43:15','1990-09-08 13:25:30'),(2,'beatae','1999-01-08 09:43:32','2002-06-23 07:11:32'),(3,'omnis','1975-10-08 05:38:46','1979-03-11 08:16:42'),(4,'atque','1980-11-18 20:09:34','2001-11-12 11:12:35'),(5,'rerum','1980-01-31 00:44:56','1986-05-26 06:26:24'),(6,'labore','2015-08-04 08:05:46','2021-07-11 21:27:47'),(7,'et','2003-04-16 18:48:03','2021-07-11 21:27:47'),(8,'distinctio','1992-04-04 08:54:08','2021-07-11 21:27:47'),(9,'blanditiis','1994-03-17 10:43:24','2021-07-11 21:27:47'),(10,'pariatur','1979-11-20 06:38:34','1987-08-31 07:24:00'),(11,'alias','1974-07-01 07:43:47','1982-12-05 15:01:44'),(12,'accusantium','1980-10-12 22:11:59','1983-05-20 01:15:20'),(13,'eum','2016-04-06 21:19:28','2017-11-18 19:56:06'),(14,'modi','1984-06-22 12:08:29','2021-07-11 21:27:47'),(15,'aliquid','2018-03-26 06:24:22','2021-07-11 21:27:47'),(16,'maiores','1980-06-06 13:59:09','1996-03-18 05:04:45'),(17,'voluptatem','1990-08-13 08:56:32','2013-04-04 06:30:15'),(18,'incidunt','2007-11-23 20:49:14','2021-07-11 21:27:47'),(19,'ut','2003-03-28 14:00:48','2004-08-22 18:06:34'),(20,'aut','1979-06-14 01:17:54','2013-01-05 08:15:31');
/*!40000 ALTER TABLE `communities` ENABLE KEYS */;
UNLOCK TABLES;

--
-- Table structure for table `communities_users`
--

DROP TABLE IF EXISTS `communities_users`;
/*!40101 SET @saved_cs_client     = @@character_set_client */;
/*!50503 SET character_set_client = utf8mb4 */;
CREATE TABLE `communities_users` (
  `community_id` int unsigned NOT NULL COMMENT 'Ссылка на группу',
  `user_id` int unsigned NOT NULL COMMENT 'Ссылка на пользователя',
  `created_at` datetime DEFAULT CURRENT_TIMESTAMP COMMENT 'Время создания строки'
) ENGINE=InnoDB DEFAULT CHARSET=utf8mb4 COLLATE=utf8mb4_unicode_ci COMMENT='Участники групп, связь между пользователями и группами';
/*!40101 SET character_set_client = @saved_cs_client */;

--
-- Dumping data for table `communities_users`
--

LOCK TABLES `communities_users` WRITE;
/*!40000 ALTER TABLE `communities_users` DISABLE KEYS */;
INSERT INTO `communities_users` VALUES (14,72,'2011-10-05 13:42:20'),(10,19,'2020-03-20 00:44:39'),(11,8,'2016-11-04 02:07:01'),(17,83,'2013-08-01 04:21:09'),(15,7,'2020-11-03 12:07:47'),(4,75,'2011-12-17 10:42:29'),(3,52,'2018-03-02 20:02:58'),(3,18,'2015-02-08 00:01:02'),(9,62,'2014-01-31 01:19:26'),(16,7,'2019-03-01 23:19:01'),(20,77,'2018-09-04 21:05:56'),(18,98,'2014-01-26 23:53:38'),(7,68,'2019-08-26 00:39:20'),(9,3,'2012-05-15 12:02:01'),(18,38,'2014-05-17 14:56:08'),(5,93,'2013-07-31 13:44:40'),(20,19,'2018-07-24 00:40:19'),(20,28,'2012-10-08 00:29:04'),(10,58,'2017-01-12 12:20:17'),(9,37,'2019-05-24 05:57:17'),(12,82,'2011-09-24 15:47:41'),(7,13,'2013-11-07 16:16:40'),(14,2,'2017-07-23 12:48:20'),(1,17,'2021-04-27 13:55:24'),(14,96,'2013-10-12 08:06:03'),(15,72,'2012-06-08 20:10:49'),(9,92,'2019-12-17 03:32:48'),(7,97,'2020-04-18 19:52:30'),(17,14,'2016-10-19 21:22:58'),(5,80,'2017-11-23 12:57:44'),(5,88,'2011-09-21 17:25:57'),(13,42,'2015-03-04 02:10:14'),(6,9,'2013-12-20 14:33:02'),(13,90,'2014-04-25 09:47:04'),(12,29,'2012-06-02 06:19:45'),(13,34,'2016-07-14 05:40:53'),(16,89,'2015-03-14 12:58:10'),(2,75,'2020-01-26 12:14:35'),(10,21,'2017-11-02 20:39:33'),(12,19,'2019-04-01 04:27:32'),(6,75,'2013-11-27 12:21:40'),(19,50,'2014-07-01 21:56:26'),(13,68,'2016-02-21 13:15:00'),(10,35,'2016-07-22 12:13:04'),(7,48,'2011-09-18 07:40:07'),(10,89,'2017-04-14 04:41:03'),(2,64,'2017-06-29 15:07:04'),(1,14,'2017-09-03 21:11:43'),(14,88,'2017-01-07 00:05:49'),(8,33,'2021-04-28 08:36:00'),(10,37,'2013-06-15 05:28:10'),(9,1,'2020-11-05 10:47:05'),(16,81,'2014-07-09 23:15:08'),(15,20,'2013-03-04 10:32:23'),(17,48,'2015-10-22 19:22:46'),(20,36,'2012-04-05 08:08:02'),(19,45,'2019-04-05 17:21:46'),(11,33,'2017-04-28 22:51:14'),(1,16,'2020-04-21 20:50:07'),(14,94,'2015-07-27 04:06:45'),(13,37,'2014-05-27 15:49:56'),(19,50,'2019-09-12 11:37:09'),(15,21,'2015-11-11 19:12:43'),(16,36,'2018-10-17 03:16:34'),(9,96,'2016-04-01 07:15:32'),(12,92,'2014-12-26 15:03:08'),(19,79,'2019-05-04 12:51:24'),(5,66,'2011-10-30 03:50:50'),(14,34,'2019-09-23 06:49:57'),(15,51,'2013-05-01 09:58:24'),(9,59,'2019-03-02 14:35:42'),(14,62,'2021-04-01 02:01:36'),(1,41,'2021-06-20 10:01:31'),(18,7,'2018-07-17 10:48:20'),(16,68,'2012-05-26 12:25:06'),(2,27,'2011-10-27 06:54:38'),(3,94,'2016-07-15 09:35:17'),(5,35,'2011-10-18 18:07:49'),(1,10,'2020-03-24 17:59:07'),(8,68,'2016-03-07 23:10:21'),(4,98,'2013-07-18 23:26:21'),(6,42,'2021-05-08 16:23:17'),(6,17,'2018-08-28 05:00:16'),(20,32,'2011-08-04 13:14:34'),(14,48,'2016-02-23 22:13:24'),(7,18,'2019-01-03 11:43:57'),(19,9,'2013-09-14 22:50:23'),(14,3,'2015-02-06 19:11:39'),(4,77,'2011-07-23 17:54:18'),(7,24,'2019-03-15 15:35:42'),(6,58,'2019-06-05 18:25:35'),(2,75,'2014-06-03 13:26:58'),(9,99,'2013-06-27 12:28:45'),(13,7,'2013-09-13 11:55:45'),(10,29,'2019-12-19 04:17:47'),(19,83,'2020-08-28 00:36:02'),(7,13,'2012-02-03 19:57:27'),(14,5,'2014-02-04 22:17:17'),(4,66,'2014-10-07 14:21:05'),(17,8,'2021-01-10 18:04:44');
/*!40000 ALTER TABLE `communities_users` ENABLE KEYS */;
UNLOCK TABLES;

--
-- Table structure for table `countries`
--

DROP TABLE IF EXISTS `countries`;
/*!40101 SET @saved_cs_client     = @@character_set_client */;
/*!50503 SET character_set_client = utf8mb4 */;
CREATE TABLE `countries` (
  `id` int unsigned NOT NULL AUTO_INCREMENT,
  `name` varchar(150) CHARACTER SET utf8mb4 COLLATE utf8mb4_unicode_ci NOT NULL,
  PRIMARY KEY (`id`)
) ENGINE=InnoDB AUTO_INCREMENT=101 DEFAULT CHARSET=utf8mb4 COLLATE=utf8mb4_unicode_ci;
/*!40101 SET character_set_client = @saved_cs_client */;

--
-- Dumping data for table `countries`
--

LOCK TABLES `countries` WRITE;
/*!40000 ALTER TABLE `countries` DISABLE KEYS */;
INSERT INTO `countries` VALUES (1,'American Samoa'),(2,'United Kingdom'),(3,'India'),(4,'Benin'),(5,'Faroe Islands'),(6,'Tonga'),(7,'Burkina Faso'),(8,'China'),(9,'Faroe Islands'),(10,'Trinidad and Tobago'),(11,'Cambodia'),(12,'Macedonia'),(13,'Samoa'),(14,'Mayotte'),(15,'Venezuela'),(16,'Syrian Arab Republic'),(17,'Paraguay'),(18,'Ghana'),(19,'Ireland'),(20,'Greece'),(21,'Malaysia'),(22,'Haiti'),(23,'Papua New Guinea'),(24,'Belize'),(25,'Papua New Guinea'),(26,'Serbia'),(27,'Pitcairn Islands'),(28,'Belize'),(29,'Marshall Islands'),(30,'United States of America'),(31,'United Kingdom'),(32,'Honduras'),(33,'San Marino'),(34,'Sweden'),(35,'United Kingdom'),(36,'Colombia'),(37,'Isle of Man'),(38,'Canada'),(39,'Slovenia'),(40,'Latvia'),(41,'Austria'),(42,'Austria'),(43,'Samoa'),(44,'Turkmenistan'),(45,'Burundi'),(46,'Venezuela'),(47,'Malta'),(48,'Fiji'),(49,'Portugal'),(50,'American Samoa'),(51,'San Marino'),(52,'El Salvador'),(53,'Romania'),(54,'Yemen'),(55,'Canada'),(56,'Saint Vincent and the Grenadines'),(57,'Argentina'),(58,'Germany'),(59,'Japan'),(60,'Moldova'),(61,'Liechtenstein'),(62,'British Indian Ocean Territory (Chagos Archipelago)'),(63,'Brunei Darussalam'),(64,'Zimbabwe'),(65,'Korea'),(66,'Sierra Leone'),(67,'Cuba'),(68,'Vietnam'),(69,'Bouvet Island (Bouvetoya)'),(70,'Eritrea'),(71,'Egypt'),(72,'Taiwan'),(73,'Jordan'),(74,'Guatemala'),(75,'Sweden'),(76,'Guinea'),(77,'Argentina'),(78,'Armenia'),(79,'Croatia'),(80,'French Polynesia'),(81,'Azerbaijan'),(82,'Gabon'),(83,'Ecuador'),(84,'Madagascar'),(85,'Cuba'),(86,'Western Sahara'),(87,'Finland'),(88,'Germany'),(89,'Norway'),(90,'Nigeria'),(91,'Oman'),(92,'Mauritius'),(93,'Lithuania'),(94,'Netherlands'),(95,'Colombia'),(96,'Bulgaria'),(97,'Nauru'),(98,'Australia'),(99,'Saint Lucia'),(100,'Azerbaijan');
/*!40000 ALTER TABLE `countries` ENABLE KEYS */;
UNLOCK TABLES;

--
-- Table structure for table `friendship`
--

DROP TABLE IF EXISTS `friendship`;
/*!40101 SET @saved_cs_client     = @@character_set_client */;
/*!50503 SET character_set_client = utf8mb4 */;
CREATE TABLE `friendship` (
  `user_id` int unsigned NOT NULL COMMENT '╨б╤Б╤Л╨╗╨║╨░ ╨╜╨░ ╨╕╨╜╨╕╤Ж╨╕╨░╤В╨╛╤А╨░ ╨┤╤А╤Г╨╢╨╡╤Б╨║╨╕╤Е ╨╛╤В╨╜╨╛╤И╨╡╨╜╨╕╨╣',
  `friend_id` int unsigned NOT NULL COMMENT '╨б╤Б╤Л╨╗╨║╨░ ╨╜╨░ ╨┐╨╛╨╗╤Г╤З╨░╤В╨╡╨╗╤П ╨┐╤А╨╕╨│╨╗╨░╤И╨╡╨╜╨╕╤П ╨┤╤А╤Г╨╢╨╕╤В╤М',
  `friendship_status_id` int unsigned NOT NULL COMMENT '╨б╤Б╤Л╨╗╨║╨░ ╨╜╨░ ╤Б╤В╨░╤В╤Г╤Б (╤В╨╡╨║╤Г╤Й╨╡╨╡ ╤Б╨╛╤Б╤В╨╛╤П╨╜╨╕╨╡) ╨╛╤В╨╜╨╛╤И╨╡╨╜╨╕╨╣',
  `confirmed_at` datetime DEFAULT NULL COMMENT '╨Т╤А╨╡╨╝╤П ╨┐╨╛╨┤╤В╨▓╨╡╤А╨╢╨┤╨╡╨╜╨╕╤П ╨┐╤А╨╕╨│╨╗╨░╤И╨╡╨╜╨╕╤П',
  `created_at` datetime DEFAULT CURRENT_TIMESTAMP COMMENT '╨Т╤А╨╡╨╝╤П ╤Б╨╛╨╖╨┤╨░╨╜╨╕╤П ╤Б╤В╤А╨╛╨║╨╕',
  `updated_at` datetime DEFAULT CURRENT_TIMESTAMP ON UPDATE CURRENT_TIMESTAMP COMMENT '╨Т╤А╨╡╨╝╤П ╨╛╨▒╨╜╨╛╨▓╨╗╨╡╨╜╨╕╤П ╤Б╤В╤А╨╛╨║╨╕',
  PRIMARY KEY (`user_id`,`friend_id`) COMMENT '╨б╨╛╤Б╤В╨░╨▓╨╜╨╛╨╣ ╨┐╨╡╤А╨▓╨╕╤З╨╜╤Л╨╣ ╨║╨╗╤О╤З'
) ENGINE=InnoDB DEFAULT CHARSET=utf8mb4 COLLATE=utf8mb4_unicode_ci COMMENT='╨в╨░╨▒╨╗╨╕╤Ж╨░ ╨┤╤А╤Г╨╢╨▒╤Л';
/*!40101 SET character_set_client = @saved_cs_client */;

--
-- Dumping data for table `friendship`
--

LOCK TABLES `friendship` WRITE;
/*!40000 ALTER TABLE `friendship` DISABLE KEYS */;
INSERT INTO `friendship` VALUES (1,20,1,'2019-01-30 10:08:21','2013-10-01 20:38:45','2021-07-11 22:07:35'),(2,32,1,'2020-03-21 21:50:13','2012-07-28 14:41:13','2021-07-11 22:07:35'),(3,79,3,'2012-05-20 03:01:01','2016-06-24 08:11:49','2021-07-11 22:07:35'),(3,100,3,'2019-11-18 17:11:27','2020-08-13 08:53:37','2021-07-11 22:07:35'),(5,85,2,'2018-09-21 07:55:49','2016-02-20 03:51:40','2021-07-11 22:07:35'),(6,76,2,'2011-11-04 00:45:57','2018-10-13 07:44:47','2021-07-11 22:07:35'),(7,37,2,'2021-07-05 20:14:26','2013-10-29 20:02:04','2021-07-11 22:07:35'),(7,45,2,'2017-05-14 02:33:45','2016-06-28 21:53:06','2021-07-11 22:07:35'),(7,53,2,'2017-02-04 19:46:30','2019-02-26 10:46:38','2021-07-11 22:07:35'),(9,19,1,'2017-06-23 22:15:40','2017-01-19 09:30:34','2021-07-11 22:07:35'),(11,63,2,'2016-10-17 06:20:52','2013-09-25 20:24:10','2021-07-11 22:07:35'),(11,98,3,'2018-08-12 21:17:40','2013-06-03 01:16:07','2021-07-11 22:07:35'),(12,9,2,'2012-08-02 06:35:50','2013-12-10 11:20:13','2021-07-11 22:07:35'),(12,16,2,'2013-07-28 10:50:20','2021-05-16 22:31:34','2021-07-11 22:07:35'),(12,20,1,'2020-04-25 22:54:13','2016-02-23 02:11:54','2021-07-11 22:07:35'),(12,32,2,'2021-03-12 21:41:35','2011-09-02 02:33:12','2021-07-11 22:07:35'),(12,73,3,'2015-06-28 19:47:15','2017-07-10 22:40:46','2021-07-11 22:07:35'),(13,100,1,'2020-09-17 15:04:09','2017-10-01 03:47:07','2021-07-11 22:07:35'),(15,37,3,'2020-10-13 09:45:19','2020-12-03 04:58:23','2021-07-11 22:07:35'),(18,21,1,'2020-05-19 23:34:06','2016-06-22 21:58:53','2021-07-11 22:07:35'),(19,70,2,'2021-05-27 22:54:08','2014-11-09 12:26:56','2021-07-11 22:07:35'),(19,85,2,'2012-09-14 22:38:35','2019-08-21 12:25:19','2021-07-11 22:07:35'),(20,58,3,'2016-10-04 04:17:57','2012-11-23 13:20:36','2021-07-11 22:07:35'),(21,14,1,'2014-07-10 03:47:08','2018-05-18 05:39:09','2021-07-11 22:07:35'),(22,58,1,'2013-11-20 03:57:56','2020-08-03 16:40:26','2021-07-11 22:07:35'),(24,45,3,'2017-06-30 08:04:56','2016-08-01 16:54:07','2021-07-11 22:07:35'),(25,66,2,'2016-12-19 18:26:28','2012-02-26 05:39:29','2021-07-11 22:07:35'),(26,81,1,'2018-06-19 15:28:07','2012-07-25 12:14:43','2021-07-11 22:07:35'),(26,84,1,'2019-06-11 06:49:34','2019-07-16 21:16:07','2021-07-11 22:07:35'),(26,89,2,'2019-07-10 16:46:31','2019-12-05 11:50:29','2021-07-11 22:07:35'),(27,36,1,'2016-05-15 08:38:04','2012-10-20 21:18:57','2021-07-11 22:07:35'),(28,19,3,'2012-02-18 23:27:03','2020-07-27 12:15:53','2021-07-11 22:07:35'),(29,72,3,'2019-10-26 08:17:08','2011-11-30 03:05:36','2021-07-11 22:07:35'),(33,64,2,'2020-06-28 03:41:36','2012-04-05 22:41:32','2021-07-11 22:07:35'),(34,93,1,'2016-09-06 14:13:43','2017-04-29 10:02:57','2021-07-11 22:07:35'),(38,81,1,'2018-08-03 04:46:24','2015-09-05 17:37:31','2021-07-11 22:07:35'),(39,59,1,'2016-07-10 19:50:30','2019-01-08 07:57:13','2021-07-11 22:07:35'),(41,8,3,'2020-06-29 08:19:39','2020-10-11 17:51:56','2021-07-11 22:07:35'),(41,47,2,'2013-07-23 01:11:58','2016-02-23 00:06:12','2021-07-11 22:07:35'),(42,19,2,'2013-09-23 10:41:41','2021-05-20 22:16:56','2021-07-11 22:05:05'),(43,60,1,'2013-11-21 21:48:31','2020-11-04 18:08:42','2021-07-11 22:07:35'),(45,85,3,'2013-06-04 00:07:47','2012-11-29 08:29:28','2021-07-11 22:07:35'),(46,79,2,'2019-05-27 19:52:59','2011-10-14 21:43:54','2021-07-11 22:05:05'),(46,99,3,'2020-08-24 21:11:09','2014-05-12 07:02:30','2021-07-11 22:05:05'),(48,2,1,'2018-12-14 08:34:57','2014-01-07 20:12:06','2021-07-11 22:07:35'),(48,79,3,'2015-07-31 10:37:24','2015-11-16 17:27:21','2021-07-11 22:07:35'),(49,13,3,'2016-02-20 16:17:04','2014-04-07 07:08:14','2021-07-11 22:07:35'),(50,98,3,'2016-11-01 17:55:06','2015-09-28 15:53:12','2021-07-11 22:07:35'),(51,15,3,'2013-03-02 01:10:48','2015-03-30 15:05:45','2021-07-11 22:07:35'),(52,4,1,'2016-12-09 10:38:08','2015-11-14 00:31:39','2021-07-11 22:07:35'),(52,27,2,'2013-10-19 05:31:40','2015-06-23 11:40:16','2021-07-11 22:07:35'),(53,54,3,'2011-11-04 19:36:04','2020-08-09 14:33:30','2021-07-11 22:07:35'),(54,70,3,'2018-03-14 18:09:36','2013-11-05 23:06:45','2021-07-11 22:07:35'),(54,75,2,'2018-05-12 19:59:43','2015-04-13 12:03:51','2021-07-11 22:07:35'),(55,94,3,'2014-12-21 02:07:39','2018-01-17 16:25:14','2021-07-11 22:07:35'),(56,43,2,'2014-09-17 18:30:45','2017-08-21 09:35:17','2021-07-11 22:05:05'),(58,95,1,'2011-12-28 15:24:15','2015-04-26 20:15:48','2021-07-11 22:07:35'),(59,72,1,'2019-10-02 11:30:09','2017-03-13 13:22:27','2021-07-11 22:07:35'),(59,86,2,'2012-12-18 21:22:37','2020-08-02 17:56:47','2021-07-11 22:07:35'),(59,97,3,'2016-05-03 11:47:45','2011-07-10 05:23:57','2021-07-11 22:07:35'),(59,98,2,'2013-01-23 13:39:53','2017-01-09 00:29:05','2021-07-11 22:07:35'),(60,37,2,'2014-08-07 14:48:21','2020-10-26 07:34:21','2021-07-11 22:07:35'),(60,50,3,'2014-11-13 19:01:56','2016-10-25 21:57:29','2021-07-11 22:07:35'),(60,88,1,'2017-10-14 03:29:29','2014-12-28 01:42:17','2021-07-11 22:07:35'),(61,46,1,'2014-10-29 20:49:05','2017-08-01 10:22:14','2021-07-11 22:07:35'),(62,16,3,'2021-06-10 15:11:14','2016-12-13 12:46:19','2021-07-11 22:07:35'),(62,83,1,'2013-07-07 15:41:54','2018-05-03 02:16:51','2021-07-11 22:07:35'),(62,96,3,'2015-04-03 21:28:11','2021-01-13 04:21:45','2021-07-11 22:07:35'),(64,39,3,'2018-08-31 03:01:35','2021-02-04 13:20:37','2021-07-11 22:07:35'),(64,52,1,'2020-03-17 12:15:19','2014-07-19 07:12:20','2021-07-11 22:07:35'),(65,70,3,'2013-09-24 09:37:23','2020-01-06 19:01:29','2021-07-11 22:07:35'),(66,23,3,'2015-07-01 07:19:15','2021-06-15 04:56:55','2021-07-11 22:07:35'),(68,83,2,'2015-07-30 06:32:05','2017-02-08 14:54:13','2021-07-11 22:07:35'),(69,16,1,'2018-09-03 17:05:46','2011-11-01 21:36:10','2021-07-11 22:07:35'),(69,30,3,'2019-06-29 11:03:37','2017-12-15 05:45:14','2021-07-11 22:07:35'),(69,86,2,'2012-11-25 22:19:19','2019-05-05 04:48:37','2021-07-11 22:07:35'),(70,93,3,'2014-09-08 17:26:10','2013-09-04 08:13:25','2021-07-11 22:07:35'),(70,99,2,'2014-08-17 03:48:32','2019-05-02 00:00:20','2021-07-11 22:07:35'),(71,77,3,'2017-10-28 12:03:26','2019-07-31 17:38:51','2021-07-11 22:07:35'),(72,11,1,'2016-02-01 08:14:02','2013-05-02 15:55:59','2021-07-11 22:07:35'),(75,92,1,'2014-11-09 20:47:43','2017-08-18 17:50:34','2021-07-11 22:07:35'),(76,98,2,'2014-02-02 12:27:55','2021-04-10 11:21:54','2021-07-11 22:07:35'),(78,29,2,'2012-05-31 11:35:51','2016-03-30 20:56:14','2021-07-11 22:05:05'),(79,6,1,'2015-08-27 20:58:04','2021-05-12 19:52:11','2021-07-11 22:07:35'),(79,18,3,'2019-09-27 12:12:35','2019-09-11 21:55:24','2021-07-11 22:07:35'),(84,2,1,'2017-12-26 23:45:06','2016-04-22 12:08:42','2021-07-11 22:07:35'),(85,83,3,'2021-05-19 01:06:46','2013-06-07 22:27:50','2021-07-11 22:07:35'),(85,87,3,'2020-10-30 09:21:52','2016-01-28 19:33:08','2021-07-11 22:07:35'),(86,33,1,'2021-01-12 15:40:34','2018-06-21 00:27:20','2021-07-11 22:05:05'),(86,92,3,'2018-04-18 07:16:30','2018-07-07 16:19:41','2021-07-11 22:07:35'),(87,28,3,'2020-10-15 09:06:12','2015-05-09 06:58:40','2021-07-11 22:05:05'),(87,36,2,'2011-09-07 07:47:43','2021-06-26 03:52:49','2021-07-11 22:07:35'),(89,100,3,'2011-11-04 05:51:51','2018-12-04 05:22:58','2021-07-11 22:07:35'),(91,44,2,'2020-08-17 10:56:43','2018-04-28 06:26:37','2021-07-11 22:07:35'),(92,12,2,'2016-03-23 00:11:51','2018-05-09 17:37:23','2021-07-11 22:07:35'),(93,8,3,'2014-12-27 21:14:36','2018-09-18 11:55:03','2021-07-11 22:07:35'),(93,45,1,'2017-11-17 02:40:34','2015-10-14 09:43:16','2021-07-11 22:07:35'),(94,82,2,'2012-12-04 18:53:45','2019-05-02 20:07:51','2021-07-11 22:07:35'),(95,14,1,'2014-05-11 20:08:35','2015-12-22 03:43:52','2021-07-11 22:07:35'),(98,83,3,'2015-05-13 12:03:30','2020-03-26 00:00:04','2021-07-11 22:07:35');
/*!40000 ALTER TABLE `friendship` ENABLE KEYS */;
UNLOCK TABLES;

--
-- Table structure for table `friendship_statuses`
--

DROP TABLE IF EXISTS `friendship_statuses`;
/*!40101 SET @saved_cs_client     = @@character_set_client */;
/*!50503 SET character_set_client = utf8mb4 */;
CREATE TABLE `friendship_statuses` (
  `id` int unsigned NOT NULL AUTO_INCREMENT COMMENT 'Идентификатор строки',
  `name` varchar(150) CHARACTER SET utf8mb4 COLLATE utf8mb4_unicode_ci NOT NULL COMMENT 'Название статуса',
  `created_at` datetime DEFAULT CURRENT_TIMESTAMP COMMENT 'Время создания строки',
  `updated_at` datetime DEFAULT CURRENT_TIMESTAMP ON UPDATE CURRENT_TIMESTAMP COMMENT 'Время обновления строки',
  PRIMARY KEY (`id`),
  UNIQUE KEY `name` (`name`)
) ENGINE=InnoDB AUTO_INCREMENT=4 DEFAULT CHARSET=utf8mb4 COLLATE=utf8mb4_unicode_ci COMMENT='Статусы дружбы';
/*!40101 SET character_set_client = @saved_cs_client */;

--
-- Dumping data for table `friendship_statuses`
--

LOCK TABLES `friendship_statuses` WRITE;
/*!40000 ALTER TABLE `friendship_statuses` DISABLE KEYS */;
INSERT INTO `friendship_statuses` VALUES (1,'Requested','2021-07-11 22:06:22','2021-07-11 22:06:22'),(2,'Confirmed','2021-07-11 22:06:22','2021-07-11 22:06:22'),(3,'Rejected','2021-07-11 22:06:22','2021-07-11 22:06:22');
/*!40000 ALTER TABLE `friendship_statuses` ENABLE KEYS */;
UNLOCK TABLES;

--
-- Table structure for table `media`
--

DROP TABLE IF EXISTS `media`;
/*!40101 SET @saved_cs_client     = @@character_set_client */;
/*!50503 SET character_set_client = utf8mb4 */;
CREATE TABLE `media` (
  `id` int unsigned NOT NULL AUTO_INCREMENT COMMENT '╨Ш╨┤╨╡╨╜╤В╨╕╤Д╨╕╨║╨░╤В╨╛╤А ╤Б╤В╤А╨╛╨║╨╕',
  `user_id` int unsigned NOT NULL COMMENT '╨б╤Б╤Л╨╗╨║╨░ ╨╜╨░ ╨┐╨╛╨╗╤М╨╖╨╛╨▓╨░╤В╨╡╨╗╤П, ╨║╨╛╤В╨╛╤А╤Л╨╣ ╨╖╨░╨│╤А╤Г╨╖╨╕╨╗ ╤Д╨░╨╣╨╗',
  `filename` varchar(255) CHARACTER SET utf8mb4 COLLATE utf8mb4_unicode_ci NOT NULL COMMENT '╨Я╤Г╤В╤М ╨║ ╤Д╨░╨╣╨╗╤Г',
  `size` int NOT NULL COMMENT '╨а╨░╨╖╨╝╨╡╤А ╤Д╨░╨╣╨╗╨░',
  `metadata` json DEFAULT NULL,
  `media_type_id` int unsigned NOT NULL COMMENT '╨б╤Б╤Л╨╗╨║╨░ ╨╜╨░ ╤В╨╕╨┐ ╨║╨╛╨╜╤В╨╡╨╜╤В╨░',
  `created_at` datetime DEFAULT CURRENT_TIMESTAMP COMMENT '╨Т╤А╨╡╨╝╤П ╤Б╨╛╨╖╨┤╨░╨╜╨╕╤П ╤Б╤В╤А╨╛╨║╨╕',
  `updated_at` datetime DEFAULT CURRENT_TIMESTAMP ON UPDATE CURRENT_TIMESTAMP COMMENT '╨Т╤А╨╡╨╝╤П ╨╛╨▒╨╜╨╛╨▓╨╗╨╡╨╜╨╕╤П ╤Б╤В╤А╨╛╨║╨╕',
  PRIMARY KEY (`id`),
  CONSTRAINT `media_chk_1` CHECK (json_valid(`metadata`))
) ENGINE=InnoDB AUTO_INCREMENT=101 DEFAULT CHARSET=utf8mb4 COLLATE=utf8mb4_unicode_ci COMMENT='╨Ь╨╡╨┤╨╕╨░╤Д╨░╨╣╨╗╤Л';
/*!40101 SET character_set_client = @saved_cs_client */;

--
-- Dumping data for table `media`
--

LOCK TABLES `media` WRITE;
/*!40000 ALTER TABLE `media` DISABLE KEYS */;
INSERT INTO `media` VALUES (1,21,'https://dropbox.net/vk/quisquamtif.avi.tif',10980944,'{\"owner\": \"Tabitha Kemmer\"}',2,'2017-03-08 23:48:17','2021-07-11 22:03:43'),(2,44,'https://dropbox.net/vk/similiquempeg4.jpeg.mpeg4',54422184,'{\"owner\": \"Allan Bartell\"}',1,'2019-08-08 16:23:17','2021-07-11 22:03:43'),(3,57,'https://dropbox.net/vk/nihiljpeg.mp3.tif',39158092,'{\"owner\": \"Skye Lemke\"}',1,'2012-03-15 19:52:45','2021-07-11 22:03:43'),(4,50,'https://dropbox.net/vk/ampeg4.png.jpeg',32513914,'{\"owner\": \"Flossie O\'Hara\"}',3,'2011-09-04 19:19:36','2021-07-11 22:03:43'),(5,82,'https://dropbox.net/vk/optioavi.jpeg.tif',45085297,'{\"owner\": \"Chris Rodriguez\"}',1,'2015-01-17 02:40:52','2021-07-11 22:03:43'),(6,57,'https://dropbox.net/vk/sedmp3.mpeg4.mp3',27874744,'{\"owner\": \"Maude Hilll\"}',3,'2020-08-27 04:58:19','2021-07-11 22:03:43'),(7,37,'https://dropbox.net/vk/laboriosamtif.mp3.avi',4107836,'{\"owner\": \"Maci Reynolds\"}',1,'2011-10-21 01:29:51','2021-07-11 22:03:43'),(8,15,'https://dropbox.net/vk/distinctiojpeg.mp3.avi',36904949,'{\"owner\": \"Hunter Sanford\"}',3,'2016-07-03 14:28:29','2021-07-11 22:03:43'),(9,64,'https://dropbox.net/vk/quodmp3.avi.mpeg4',72191242,'{\"owner\": \"Sam Jenkins\"}',3,'2011-08-19 15:24:44','2021-07-11 22:03:43'),(10,75,'https://dropbox.net/vk/velmpeg4.mpeg4.jpeg',50231368,'{\"owner\": \"Maci Reynolds\"}',2,'2020-11-19 01:23:28','2021-07-11 22:03:43'),(11,81,'https://dropbox.net/vk/eummp3.png.mpeg4',34573117,'{\"owner\": \"Zack Jerde\"}',3,'2011-09-16 20:25:58','2021-07-11 22:03:43'),(12,80,'https://dropbox.net/vk/ducimusavi.avi.tif',22161483,'{\"owner\": \"Dock Daugherty\"}',2,'2011-08-10 07:23:10','2021-07-11 22:03:43'),(13,58,'https://dropbox.net/vk/autjpeg.tif.tif',7078070,'{\"owner\": \"Lorna Lubowitz\"}',2,'2015-09-21 13:50:14','2021-07-11 22:03:43'),(14,49,'https://dropbox.net/vk/teneturmp3.jpeg.jpeg',68895902,'{\"owner\": \"Raul Crona\"}',2,'2015-06-21 08:46:26','2021-07-11 22:03:43'),(15,69,'https://dropbox.net/vk/molestiaejpeg.jpeg.mpeg4',23235304,'{\"owner\": \"Nolan Labadie\"}',3,'2016-06-09 18:02:22','2021-07-11 22:03:43'),(16,96,'https://dropbox.net/vk/doloribusavi.tif.png',9478816,'{\"owner\": \"Pascale Wolf\"}',2,'2014-08-03 19:17:59','2021-07-11 22:03:43'),(17,75,'https://dropbox.net/vk/quasavi.tif.mpeg4',77678175,'{\"owner\": \"Elza Schumm\"}',2,'2014-06-30 16:40:21','2021-07-11 22:03:43'),(18,88,'https://dropbox.net/vk/ducimuspng.jpeg.png',59944427,'{\"owner\": \"Lorna Lubowitz\"}',1,'2021-01-08 17:29:27','2021-07-11 22:03:43'),(19,11,'https://dropbox.net/vk/eatif.avi.mp3',66677616,'{\"owner\": \"Earlene Langosh\"}',2,'2016-08-25 06:07:45','2021-07-11 22:03:43'),(20,93,'https://dropbox.net/vk/doloreavi.png.jpeg',53544804,'{\"owner\": \"Hunter Sanford\"}',3,'2012-03-17 09:38:29','2021-07-11 22:03:43'),(21,29,'https://dropbox.net/vk/quasipng.jpeg.mpeg4',67681174,'{\"owner\": \"Zack Jerde\"}',3,'2016-02-19 00:50:51','2021-07-11 22:03:43'),(22,66,'https://dropbox.net/vk/fugampeg4.avi.jpeg',77761463,'{\"owner\": \"Nash Heathcote\"}',1,'2013-01-06 02:09:04','2021-07-11 22:03:43'),(23,43,'https://dropbox.net/vk/doloremtif.tif.mp3',85753794,'{\"owner\": \"Dock Daugherty\"}',2,'2019-02-01 11:16:43','2021-07-11 22:03:43'),(24,16,'https://dropbox.net/vk/utpng.mp3.png',95474585,'{\"owner\": \"Zoe Weimann\"}',3,'2020-03-14 17:49:22','2021-07-11 22:03:43'),(25,50,'https://dropbox.net/vk/etmpeg4.mp3.mp3',20101546,'{\"owner\": \"Isadore Kemmer\"}',3,'2016-06-24 02:06:12','2021-07-11 22:03:43'),(26,3,'https://dropbox.net/vk/rerummp3.avi.png',14073981,'{\"owner\": \"Alexis Auer\"}',2,'2021-02-25 01:25:23','2021-07-11 22:03:43'),(27,64,'https://dropbox.net/vk/numquamjpeg.jpeg.jpeg',10055270,'{\"owner\": \"Bessie Davis\"}',3,'2017-10-04 00:53:13','2021-07-11 22:03:43'),(28,11,'https://dropbox.net/vk/ipsapng.avi.tif',8044409,'{\"owner\": \"Emmy Feeney\"}',1,'2020-05-30 19:03:02','2021-07-11 22:03:43'),(29,63,'https://dropbox.net/vk/fugiatmpeg4.avi.jpeg',10046238,'{\"owner\": \"Sam Jenkins\"}',2,'2013-05-15 12:17:26','2021-07-11 22:03:43'),(30,81,'https://dropbox.net/vk/explicaboavi.tif.avi',26087968,'{\"owner\": \"Ezekiel Armstrong\"}',1,'2015-03-13 18:55:14','2021-07-11 22:03:43'),(31,16,'https://dropbox.net/vk/quasijpeg.jpeg.avi',291130,'{\"owner\": \"Kasandra Langworth\"}',3,'2021-04-27 06:18:48','2021-07-11 22:03:43'),(32,38,'https://dropbox.net/vk/utmpeg4.avi.mpeg4',23181750,'{\"owner\": \"Maymie Jakubowski\"}',1,'2020-09-18 09:07:40','2021-07-11 22:03:43'),(33,41,'https://dropbox.net/vk/quiampeg4.png.mpeg4',15025364,'{\"owner\": \"Filiberto Nicolas\"}',1,'2011-10-22 11:37:06','2021-07-11 22:03:43'),(34,88,'https://dropbox.net/vk/praesentiumavi.jpeg.mp3',5571575,'{\"owner\": \"Amani Farrell\"}',2,'2020-12-22 12:01:36','2021-07-11 22:03:43'),(35,19,'https://dropbox.net/vk/utmp3.mpeg4.mpeg4',82771783,'{\"owner\": \"Prince Conroy\"}',3,'2020-09-10 11:49:22','2021-07-11 22:03:43'),(36,30,'https://dropbox.net/vk/amp3.mpeg4.tif',97134197,'{\"owner\": \"Shawn Heathcote\"}',1,'2017-07-20 23:41:24','2021-07-11 22:03:43'),(37,93,'https://dropbox.net/vk/quipng.jpeg.mp3',37345637,'{\"owner\": \"Madonna Greenfelder\"}',3,'2020-12-15 12:35:00','2021-07-11 22:03:43'),(38,73,'https://dropbox.net/vk/consecteturmpeg4.tif.mp3',95315597,'{\"owner\": \"Shawna Mraz\"}',3,'2014-01-21 21:33:29','2021-07-11 22:03:43'),(39,88,'https://dropbox.net/vk/providentmpeg4.tif.mp3',64531078,'{\"owner\": \"Allan Bartell\"}',2,'2016-01-14 13:38:25','2021-07-11 22:03:43'),(40,18,'https://dropbox.net/vk/commodijpeg.mp3.jpeg',36698604,'{\"owner\": \"Kasandra Langworth\"}',3,'2016-05-30 18:37:17','2021-07-11 22:03:43'),(41,24,'https://dropbox.net/vk/iustoavi.mp3.jpeg',89889787,'{\"owner\": \"Bret Emard\"}',2,'2016-12-03 17:09:25','2021-07-11 22:03:43'),(42,69,'https://dropbox.net/vk/nihiljpeg.mp3.png',39343128,'{\"owner\": \"Herminia Thiel\"}',1,'2013-05-13 18:12:36','2021-07-11 22:03:43'),(43,71,'https://dropbox.net/vk/placeatpng.avi.avi',27036280,'{\"owner\": \"Raul Crona\"}',1,'2012-07-28 11:59:07','2021-07-11 22:03:43'),(44,46,'https://dropbox.net/vk/voluptasjpeg.jpeg.avi',17142023,'{\"owner\": \"Lucinda Douglas\"}',1,'2019-08-25 12:10:56','2021-07-11 22:03:43'),(45,19,'https://dropbox.net/vk/nonpng.tif.png',4591279,'{\"owner\": \"Camilla Stamm\"}',2,'2013-04-02 10:44:30','2021-07-11 22:03:43'),(46,57,'https://dropbox.net/vk/praesentiummpeg4.jpeg.png',71520328,'{\"owner\": \"Elliot Gusikowski\"}',2,'2020-05-28 04:48:04','2021-07-11 22:03:43'),(47,27,'https://dropbox.net/vk/enimmp3.tif.jpeg',43817805,'{\"owner\": \"Filiberto Nicolas\"}',1,'2016-06-11 13:27:10','2021-07-11 22:03:43'),(48,64,'https://dropbox.net/vk/rerumavi.avi.mp3',4518047,'{\"owner\": \"Grady Stoltenberg\"}',1,'2021-04-11 08:04:30','2021-07-11 22:03:43'),(49,39,'https://dropbox.net/vk/blanditiismpeg4.jpeg.mpeg4',91126824,'{\"owner\": \"Elza Schumm\"}',2,'2015-02-09 11:12:45','2021-07-11 22:03:43'),(50,3,'https://dropbox.net/vk/abjpeg.mp3.jpeg',42069983,'{\"owner\": \"Dock Daugherty\"}',3,'2013-01-15 10:34:05','2021-07-11 22:03:43'),(51,98,'https://dropbox.net/vk/exercitationemavi.mp3.mp3',36959445,'{\"owner\": \"Giovanny Walker\"}',3,'2016-06-01 20:51:32','2021-07-11 22:03:43'),(52,79,'https://dropbox.net/vk/doloresmp3.mp3.avi',58577279,'{\"owner\": \"Mya Lind\"}',1,'2017-09-16 22:24:09','2021-07-11 22:03:43'),(53,100,'https://dropbox.net/vk/doloresmp3.mpeg4.avi',81998062,'{\"owner\": \"Sadie Moore\"}',3,'2013-09-07 21:54:49','2021-07-11 22:03:43'),(54,63,'https://dropbox.net/vk/quibusdammp3.avi.mpeg4',34248480,'{\"owner\": \"Colleen Friesen\"}',3,'2014-06-27 07:27:59','2021-07-11 22:03:43'),(55,14,'https://dropbox.net/vk/voluptatemmpeg4.png.png',25238217,'{\"owner\": \"Talon Barrows\"}',1,'2012-08-25 00:50:14','2021-07-11 22:03:43'),(56,83,'https://dropbox.net/vk/nisimpeg4.tif.mpeg4',23435649,'{\"owner\": \"Isadore Kemmer\"}',1,'2020-10-22 08:39:28','2021-07-11 22:03:43'),(57,70,'https://dropbox.net/vk/quipng.avi.jpeg',41453597,'{\"owner\": \"Shawna Mraz\"}',1,'2014-04-08 13:43:47','2021-07-11 22:03:43'),(58,3,'https://dropbox.net/vk/facerepng.jpeg.avi',36951043,'{\"owner\": \"Emma Zboncak\"}',3,'2011-08-30 02:58:58','2021-07-11 22:03:43'),(59,4,'https://dropbox.net/vk/autempng.png.mpeg4',60384427,'{\"owner\": \"Kasandra Langworth\"}',1,'2020-02-08 14:52:53','2021-07-11 22:03:43'),(60,10,'https://dropbox.net/vk/aliquamtif.avi.mpeg4',91059007,'{\"owner\": \"Tommie Lueilwitz\"}',3,'2019-05-02 23:40:24','2021-07-11 22:03:43'),(61,39,'https://dropbox.net/vk/etmpeg4.mpeg4.mp3',74131761,'{\"owner\": \"Vivienne Lebsack\"}',1,'2013-09-07 17:24:04','2021-07-11 22:02:59'),(62,64,'https://dropbox.net/vk/adjpeg.tif.jpeg',97471787,'{\"owner\": \"Evert Bauch\"}',2,'2016-02-07 00:16:26','2021-07-11 22:02:59'),(63,1,'https://dropbox.net/vk/ametpng.avi.tif',64953655,'{\"owner\": \"Lucius Kemmer\"}',2,'2014-01-07 03:47:27','2021-07-11 22:03:43'),(64,13,'https://dropbox.net/vk/sunttif.png.mp3',32342918,'{\"owner\": \"Destinee Trantow\"}',3,'2017-12-03 13:36:01','2021-07-11 22:03:43'),(65,63,'https://dropbox.net/vk/idtif.jpeg.avi',66843629,'{\"owner\": \"Keenan Jacobson\"}',1,'2019-07-03 01:07:47','2021-07-11 22:03:43'),(66,73,'https://dropbox.net/vk/voluptastif.mpeg4.png',37179395,'{\"owner\": \"Alyce Simonis\"}',2,'2019-02-26 20:20:24','2021-07-11 22:03:43'),(67,77,'https://dropbox.net/vk/ettif.png.tif',85356093,'{\"owner\": \"Skye Lemke\"}',3,'2016-12-31 06:01:38','2021-07-11 22:03:43'),(68,65,'https://dropbox.net/vk/aavi.mpeg4.mp3',15232280,'{\"owner\": \"Madonna Greenfelder\"}',1,'2013-12-27 14:46:44','2021-07-11 22:03:43'),(69,96,'https://dropbox.net/vk/consequaturavi.avi.jpeg',20083128,'{\"owner\": \"Rory Goodwin\"}',1,'2014-08-21 01:08:51','2021-07-11 22:03:43'),(70,82,'https://dropbox.net/vk/utmp3.png.tif',54708802,'{\"owner\": \"Ursula Russel\"}',1,'2019-06-18 11:48:38','2021-07-11 22:03:43'),(71,22,'https://dropbox.net/vk/etmp3.png.png',13284631,'{\"owner\": \"Skye Lemke\"}',1,'2020-12-04 04:58:39','2021-07-11 22:03:43'),(72,64,'https://dropbox.net/vk/corporisjpeg.avi.mp3',2286751,'{\"owner\": \"Bret Emard\"}',2,'2015-10-11 16:44:37','2021-07-11 22:03:43'),(73,54,'https://dropbox.net/vk/estjpeg.jpeg.jpeg',71569867,'{\"owner\": \"Florian Howe\"}',3,'2018-04-20 07:42:15','2021-07-11 22:03:43'),(74,79,'https://dropbox.net/vk/natusmpeg4.tif.jpeg',50979084,'{\"owner\": \"Dereck Hackett\"}',3,'2020-08-28 16:43:32','2021-07-11 22:03:43'),(75,30,'https://dropbox.net/vk/aliquidtif.mp3.avi',40175824,'{\"owner\": \"Grady Stoltenberg\"}',1,'2021-04-18 06:13:30','2021-07-11 22:03:43'),(76,15,'https://dropbox.net/vk/inmp3.png.png',47931871,'{\"owner\": \"Francesco McDermott\"}',3,'2014-01-21 13:59:15','2021-07-11 22:03:43'),(77,85,'https://dropbox.net/vk/temporepng.tif.avi',19121886,'{\"owner\": \"Alexis Auer\"}',2,'2011-11-05 21:52:34','2021-07-11 22:03:43'),(78,77,'https://dropbox.net/vk/repellatmpeg4.mp3.jpeg',51803822,'{\"owner\": \"Catalina Rath\"}',2,'2013-11-12 00:56:51','2021-07-11 22:03:43'),(79,31,'https://dropbox.net/vk/iurejpeg.png.avi',1643457,'{\"owner\": \"Shawn Heathcote\"}',1,'2017-08-01 20:43:17','2021-07-11 22:03:43'),(80,23,'https://dropbox.net/vk/adpng.mp3.mp3',52795819,'{\"owner\": \"Elza Schumm\"}',2,'2017-03-02 22:07:00','2021-07-11 22:03:43'),(81,20,'https://dropbox.net/vk/rerumtif.mpeg4.tif',59038729,'{\"owner\": \"Catalina Rath\"}',2,'2012-07-09 17:53:31','2021-07-11 22:03:43'),(82,32,'https://dropbox.net/vk/expeditajpeg.tif.tif',36796191,'{\"owner\": \"Bret Emard\"}',3,'2015-12-02 03:30:44','2021-07-11 22:03:43'),(83,99,'https://dropbox.net/vk/sitmpeg4.tif.avi',6854771,'{\"owner\": \"Junior O\'Connell\"}',3,'2017-10-20 14:34:49','2021-07-11 22:02:59'),(84,98,'https://dropbox.net/vk/rerummp3.jpeg.png',23875285,'{\"owner\": \"Lorna Lubowitz\"}',2,'2013-02-01 00:28:09','2021-07-11 22:03:43'),(85,93,'https://dropbox.net/vk/eummpeg4.png.avi',98802116,'{\"owner\": \"Rory Goodwin\"}',1,'2013-02-22 10:09:48','2021-07-11 22:03:43'),(86,69,'https://dropbox.net/vk/impeditjpeg.jpeg.avi',22374730,'{\"owner\": \"Flossie O\'Hara\"}',2,'2017-07-27 22:59:48','2021-07-11 22:03:43'),(87,68,'https://dropbox.net/vk/cupiditatemp3.jpeg.avi',15457304,'{\"owner\": \"Allan Bartell\"}',1,'2016-08-14 03:27:24','2021-07-11 22:03:43'),(88,30,'https://dropbox.net/vk/quipng.tif.png',10152334,'{\"owner\": \"Sherman Ullrich\"}',3,'2013-04-09 10:59:26','2021-07-11 22:03:43'),(89,45,'https://dropbox.net/vk/assumendaavi.png.tif',4379762,'{\"owner\": \"Candido Jaskolski\"}',3,'2014-07-12 18:10:32','2021-07-11 22:03:43'),(90,37,'https://dropbox.net/vk/voluptatemavi.mp3.png',91431813,'{\"owner\": \"Stephen Dicki\"}',1,'2015-07-22 21:45:36','2021-07-11 22:03:43'),(91,47,'https://dropbox.net/vk/eiusjpeg.mpeg4.avi',44009780,'{\"owner\": \"Evert Bauch\"}',1,'2017-01-07 17:28:56','2021-07-11 22:03:43'),(92,24,'https://dropbox.net/vk/molestiaemp3.mpeg4.mp3',45743467,'{\"owner\": \"Zoe Weimann\"}',2,'2015-01-07 06:03:21','2021-07-11 22:03:43'),(93,77,'https://dropbox.net/vk/esseavi.jpeg.mpeg4',96677996,'{\"owner\": \"Sadie Moore\"}',1,'2019-11-24 19:15:26','2021-07-11 22:03:43'),(94,15,'https://dropbox.net/vk/quiampeg4.mp3.png',46149584,'{\"owner\": \"Rosanna Boehm\"}',3,'2013-11-07 04:18:34','2021-07-11 22:03:43'),(95,42,'https://dropbox.net/vk/quimpeg4.tif.jpeg',40703936,'{\"owner\": \"Destinee Trantow\"}',3,'2015-11-10 12:30:55','2021-07-11 22:03:43'),(96,63,'https://dropbox.net/vk/perspiciatismpeg4.avi.avi',65060930,'{\"owner\": \"Madonna Greenfelder\"}',2,'2019-10-14 02:12:27','2021-07-11 22:03:43'),(97,91,'https://dropbox.net/vk/suscipittif.png.tif',3182848,'{\"owner\": \"Camilla Stamm\"}',2,'2018-08-03 16:41:54','2021-07-11 22:03:43'),(98,64,'https://dropbox.net/vk/eligendimpeg4.mpeg4.avi',20721454,'{\"owner\": \"Allan Bartell\"}',1,'2018-04-11 05:12:36','2021-07-11 22:03:43'),(99,46,'https://dropbox.net/vk/minimatif.avi.png',94048728,'{\"owner\": \"Gilda Yundt\"}',2,'2014-06-17 05:34:26','2021-07-11 22:03:43'),(100,36,'https://dropbox.net/vk/autemmp3.mpeg4.mpeg4',8069282,'{\"owner\": \"Amani Farrell\"}',2,'2020-11-30 07:29:54','2021-07-11 22:03:43');
/*!40000 ALTER TABLE `media` ENABLE KEYS */;
UNLOCK TABLES;

--
-- Table structure for table `media_types`
--

DROP TABLE IF EXISTS `media_types`;
/*!40101 SET @saved_cs_client     = @@character_set_client */;
/*!50503 SET character_set_client = utf8mb4 */;
CREATE TABLE `media_types` (
  `id` int unsigned NOT NULL AUTO_INCREMENT COMMENT '╨Ш╨┤╨╡╨╜╤В╨╕╤Д╨╕╨║╨░╤В╨╛╤А ╤Б╤В╤А╨╛╨║╨╕',
  `name` varchar(255) CHARACTER SET utf8mb4 COLLATE utf8mb4_unicode_ci NOT NULL COMMENT '╨Э╨░╨╖╨▓╨░╨╜╨╕╨╡ ╤В╨╕╨┐╨░',
  `created_at` datetime DEFAULT CURRENT_TIMESTAMP COMMENT '╨Т╤А╨╡╨╝╤П ╤Б╨╛╨╖╨┤╨░╨╜╨╕╤П ╤Б╤В╤А╨╛╨║╨╕',
  `updated_at` datetime DEFAULT CURRENT_TIMESTAMP ON UPDATE CURRENT_TIMESTAMP COMMENT '╨Т╤А╨╡╨╝╤П ╨╛╨▒╨╜╨╛╨▓╨╗╨╡╨╜╨╕╤П ╤Б╤В╤А╨╛╨║╨╕',
  PRIMARY KEY (`id`),
  UNIQUE KEY `name` (`name`)
) ENGINE=InnoDB AUTO_INCREMENT=4 DEFAULT CHARSET=utf8mb4 COLLATE=utf8mb4_unicode_ci COMMENT='╨в╨╕╨┐╤Л ╨╝╨╡╨┤╨╕╨░╤Д╨░╨╣╨╗╨╛╨▓';
/*!40101 SET character_set_client = @saved_cs_client */;

--
-- Dumping data for table `media_types`
--

LOCK TABLES `media_types` WRITE;
/*!40000 ALTER TABLE `media_types` DISABLE KEYS */;
INSERT INTO `media_types` VALUES (1,'photo','2021-07-11 22:02:40','2021-07-11 22:02:40'),(2,'audio','2021-07-11 22:02:40','2021-07-11 22:02:40'),(3,'video','2021-07-11 22:02:40','2021-07-11 22:02:40');
/*!40000 ALTER TABLE `media_types` ENABLE KEYS */;
UNLOCK TABLES;

--
-- Table structure for table `messages`
--

DROP TABLE IF EXISTS `messages`;
/*!40101 SET @saved_cs_client     = @@character_set_client */;
/*!50503 SET character_set_client = utf8mb4 */;
CREATE TABLE `messages` (
  `id` int unsigned NOT NULL AUTO_INCREMENT COMMENT '╨Ш╨┤╨╡╨╜╤В╨╕╤Д╨╕╨║╨░╤В╨╛╤А ╤Б╤В╤А╨╛╨║╨╕',
  `from_user_id` int unsigned NOT NULL COMMENT '╨б╤Б╤Л╨╗╨║╨░ ╨╜╨░ ╨╛╤В╨┐╤А╨░╨▓╨╕╤В╨╡╨╗╤П ╤Б╨╛╨╛╨▒╤Й╨╡╨╜╨╕╤П',
  `to_user_id` int unsigned NOT NULL COMMENT '╨б╤Б╤Л╨╗╨║╨░ ╨╜╨░ ╨┐╨╛╨╗╤Г╤З╨░╤В╨╡╨╗╤П ╤Б╨╛╨╛╨▒╤Й╨╡╨╜╨╕╤П',
  `body` text CHARACTER SET utf8mb4 COLLATE utf8mb4_unicode_ci NOT NULL COMMENT '╨в╨╡╨║╤Б╤В ╤Б╨╛╨╛╨▒╤Й╨╡╨╜╨╕╤П',
  `is_important` tinyint(1) DEFAULT NULL COMMENT '╨Я╤А╨╕╨╖╨╜╨░╨║ ╨▓╨░╨╢╨╜╨╛╤Б╤В╨╕',
  `is_delivered` tinyint(1) DEFAULT NULL COMMENT '╨Я╤А╨╕╨╖╨╜╨░╨║ ╨┤╨╛╤Б╤В╨░╨▓╨║╨╕',
  `created_at` datetime DEFAULT CURRENT_TIMESTAMP COMMENT '╨Т╤А╨╡╨╝╤П ╤Б╨╛╨╖╨┤╨░╨╜╨╕╤П ╤Б╤В╤А╨╛╨║╨╕',
  PRIMARY KEY (`id`)
) ENGINE=InnoDB AUTO_INCREMENT=101 DEFAULT CHARSET=utf8mb4 COLLATE=utf8mb4_unicode_ci COMMENT='╨б╨╛╨╛╨▒╤Й╨╡╨╜╨╕╤П';
/*!40101 SET character_set_client = @saved_cs_client */;

--
-- Dumping data for table `messages`
--

LOCK TABLES `messages` WRITE;
/*!40000 ALTER TABLE `messages` DISABLE KEYS */;
INSERT INTO `messages` VALUES (1,11,84,'Eos fugit tempore et qui. Voluptates quidem exercitationem dolore cupiditate perferendis et quaerat explicabo. Voluptas est nulla non.',0,0,'2013-02-18 11:06:51'),(2,85,75,'Optio quaerat qui eveniet sunt. Dicta iusto dolor commodi. Nihil voluptatem quaerat et eligendi culpa sed blanditiis. Aliquid dolorum tenetur quis nemo sunt odio.',0,1,'2019-07-05 09:12:51'),(3,16,57,'Enim laboriosam harum quia aut asperiores. Possimus et et aut provident quis. Consequatur dolor quisquam aut quia et omnis molestiae qui. Molestiae esse ut minima quis et provident velit.',1,0,'2017-11-16 05:58:02'),(4,35,3,'Optio voluptate enim magni maiores reprehenderit neque et recusandae. Consequuntur illum minima saepe sed. Accusamus explicabo quia corrupti aut.',0,0,'2015-07-04 22:15:51'),(5,11,43,'Modi autem autem id vel. Quia rerum accusantium error nam est.',0,1,'2013-11-27 03:48:11'),(6,83,87,'Ab id velit fugit laborum. Enim occaecati quia eum est at. Aspernatur qui doloribus quisquam nihil. Eius voluptas ipsum rerum exercitationem tenetur.',1,0,'2014-06-23 07:39:16'),(7,86,67,'Veritatis veritatis doloribus eaque et porro. Ut et sint eum ex. Ratione tempore quia sequi consequatur sit consectetur qui.',0,0,'2020-01-29 05:19:34'),(8,78,86,'Dolor inventore voluptas aut reprehenderit autem quos facilis. Modi est explicabo quia exercitationem pariatur nam culpa ut. Tenetur nobis ut hic sed. Quod eos voluptatem eum dolorem id.',1,0,'2014-03-03 18:55:29'),(9,98,30,'Rerum id iste illo harum. Aspernatur sit veniam sit rem aut ut iusto sed. Consequatur minima aut nesciunt nisi. Voluptatem voluptatem qui omnis iste et nihil. Sint eum labore sed totam architecto voluptatem.',0,0,'2020-12-15 15:20:02'),(10,54,83,'Enim et porro consequatur esse temporibus quis facilis et. Vero molestias est ut non aut. Officia illo itaque voluptas ex dicta nulla dolor. Et laboriosam ea in sapiente.',1,1,'2019-12-30 01:28:55'),(11,49,97,'Iure ea facere et. Quo et mollitia et impedit. Minus perspiciatis commodi voluptate nemo earum et.',1,0,'2019-02-11 05:32:26'),(12,38,96,'Accusamus recusandae placeat aliquid fugiat inventore nam. Voluptas et quidem a possimus vero ipsum et inventore. Nesciunt molestias dolor modi eaque ipsam sunt cum. Magni quia dolores sunt rerum rerum reiciendis.',0,0,'2017-08-14 06:30:48'),(13,68,51,'In quo velit quidem velit ut dignissimos sint. Optio fugit est officia temporibus. Autem aliquam non quia nam cupiditate.',1,0,'2016-10-12 10:53:08'),(14,50,98,'Amet pariatur debitis natus labore eos ad est. Vel totam et tempore voluptatem magni quo voluptates. Est ut velit ad expedita. Nemo inventore rerum autem fugiat.',1,1,'2017-09-24 23:14:04'),(15,37,93,'Architecto quia odio quidem molestias veniam enim et. Amet nihil ipsam sunt sint autem porro sint. Consequatur eveniet occaecati totam voluptas officia. Molestiae fugit ut illum distinctio dolore occaecati.',1,1,'2016-02-19 19:50:58'),(16,51,75,'Asperiores itaque dignissimos atque est quaerat. Facilis ducimus quia odio saepe qui eius.',0,0,'2016-12-29 18:40:43'),(17,23,91,'Facilis officiis laudantium aliquid sapiente. Rem officiis animi possimus iste iusto deleniti vel. Earum laboriosam ut tempore. Quia vitae culpa mollitia eaque nisi. Sed numquam sed ab et.',1,0,'2017-09-28 21:29:49'),(18,85,50,'Reiciendis ad voluptate asperiores. Maxime atque exercitationem nam delectus. Qui illum est itaque ut eos officiis eligendi error. Iusto aliquid voluptatem occaecati.',1,0,'2018-08-29 19:20:36'),(19,93,17,'Aut voluptas quod enim dicta nemo quidem nihil. Laborum omnis ut possimus optio provident. Qui qui optio voluptate cupiditate. Illum suscipit et laboriosam nulla. Quia et consequatur necessitatibus est illo nihil id esse.',0,0,'2020-07-16 12:32:10'),(20,4,67,'Illum et consequatur labore sint dolores quasi. Accusamus ad et autem earum est sed placeat. Veniam molestias odio aperiam. Eveniet deleniti nesciunt qui aut fuga ut ea.',0,0,'2017-08-23 13:09:00'),(21,25,23,'Quae minus et corporis expedita alias et velit tempora. Ipsa illum et voluptatem provident eaque accusantium. Accusamus quo doloribus natus minus provident consequatur qui. Omnis dolorem dolor accusamus tempora quod.',1,0,'2011-08-10 13:51:45'),(22,38,22,'Omnis totam et nobis veritatis nam ea. Commodi fugiat molestiae rerum. Earum mollitia dolor itaque maiores amet. Culpa earum laborum consequatur placeat quisquam aut.',1,1,'2020-10-06 07:41:03'),(23,93,1,'Eveniet voluptas aut sint non quo tempora omnis. Omnis maxime voluptas eos quas. Quo nam in aspernatur qui ab blanditiis.',1,1,'2013-02-07 12:26:31'),(24,25,20,'Et amet explicabo voluptatem nostrum dolore in. Ratione quia quas ratione omnis aliquam expedita. Aut non consequatur nostrum perferendis nobis. Temporibus maxime officia magnam laboriosam illo deserunt.',0,0,'2018-10-18 19:02:15'),(25,27,74,'Sit voluptas architecto doloremque debitis. Cum odit dolor et atque eveniet inventore qui. Quas deleniti aspernatur debitis nemo numquam.',0,0,'2015-07-15 12:38:07'),(26,87,14,'Optio quo soluta et earum. Nemo aut ipsam doloribus non sed earum distinctio alias. Ut impedit dolores consequatur doloribus ut voluptatibus. Eveniet aspernatur eos debitis.',1,1,'2018-02-13 13:05:51'),(27,8,97,'Unde ab ut soluta aut molestiae odit non. Quia sunt quisquam est sapiente alias ut doloribus dignissimos. Temporibus dignissimos reprehenderit error molestias quia.',1,1,'2021-01-24 18:16:57'),(28,59,6,'Rem in iste quia sunt dolorem labore iusto. Quia totam magnam ipsa pariatur. Maxime est doloremque voluptas ex libero.',0,0,'2016-11-28 18:55:20'),(29,50,33,'Aliquid excepturi ea qui ipsa minus incidunt at. Inventore odit dolor eaque. Consequuntur voluptatum consequatur amet sit fugit necessitatibus.',0,1,'2017-12-31 19:42:22'),(30,14,70,'Nihil est quas quasi fuga doloremque. Enim nisi cupiditate fuga. Consectetur ut reiciendis aliquid dolor. Commodi consequatur enim quia consectetur veritatis qui ipsa quos.',0,0,'2013-11-05 14:48:08'),(31,6,21,'Unde sunt architecto et possimus sed iure suscipit. Inventore sequi quam voluptatem ab non repudiandae. Porro consequatur saepe iste ipsum qui.',1,0,'2019-07-14 20:53:54'),(32,89,78,'Voluptas maiores accusantium quia amet. Dolor labore quod officiis consequatur magni cupiditate expedita rerum. Non exercitationem quisquam aut porro quidem autem. Nemo adipisci corporis ullam enim eos facere.',1,1,'2016-03-23 21:11:49'),(33,22,76,'Nostrum dolorem qui laboriosam nihil alias corrupti dolores. Voluptatem et fugiat veniam officiis. Magni quam qui nemo.',0,1,'2015-01-27 04:20:59'),(34,15,45,'Eos sed itaque et voluptas ab quasi. Nam perferendis laboriosam aspernatur quis quam aperiam. Tempore a voluptate eos facere ipsum.',1,0,'2013-07-06 23:57:22'),(35,81,68,'Vel corporis optio tempore dolorem dolores. Consequatur sapiente est cumque tempora saepe. Iste repellat quia voluptas suscipit ipsum.',0,1,'2013-11-25 13:06:52'),(36,97,80,'Et dolorum ipsa fuga repudiandae officiis exercitationem. Nihil ducimus sint totam praesentium ducimus blanditiis. Id quod dignissimos ut temporibus voluptatem est. Blanditiis ullam voluptas totam quisquam voluptas odit.',0,0,'2020-07-25 02:05:24'),(37,11,11,'Praesentium in ut numquam maiores omnis. Cupiditate similique omnis ab quia. Voluptate accusamus sit in.',1,0,'2013-08-11 11:36:10'),(38,23,83,'Aut quis nisi sed laborum. Ut consectetur nulla repudiandae explicabo. In unde ut animi ab vero vero odio. Consequuntur delectus rerum quasi inventore quae.',1,1,'2015-06-15 20:33:40'),(39,45,77,'Veniam exercitationem qui nulla id laudantium nihil eveniet. Nesciunt explicabo qui rem soluta. Corporis adipisci earum quaerat voluptas odit odio dolorem.',1,1,'2013-09-06 11:48:14'),(40,46,2,'Nihil quia consequatur modi fuga quo. Quasi accusantium sunt et dolorem aut sint officia. Facilis sint et vel et. Doloremque quod est molestiae accusantium animi.',1,0,'2020-06-14 21:00:44'),(41,68,37,'Quia fugit nostrum praesentium asperiores quae. Aut voluptatem nisi quibusdam repellendus rerum. Suscipit qui molestiae aut commodi delectus distinctio labore.',0,0,'2013-05-22 05:45:11'),(42,77,76,'Incidunt ut officia et. Officiis ut non et velit quia. Quo omnis deleniti blanditiis ipsam aliquid voluptas dolor.',0,1,'2017-02-05 01:34:21'),(43,48,10,'Nemo sequi quas eveniet pariatur est aut. Sunt maiores ut repudiandae culpa. Non rem sunt consequatur nam veniam perspiciatis cum placeat.',0,1,'2019-09-23 08:03:01'),(44,8,6,'Aliquid consequuntur facere necessitatibus tempora. Et corrupti maxime doloremque quia aperiam dolores magnam.',1,0,'2012-03-20 07:34:08'),(45,9,26,'Rerum facilis laboriosam et quaerat. Ratione quisquam ut similique non nemo tenetur numquam. Eius quis aut ipsa assumenda consequuntur ullam. Aut minima non vel voluptatum occaecati necessitatibus facere.',1,0,'2020-09-20 17:17:55'),(46,3,35,'A esse voluptates quis earum architecto. Molestias quod deleniti odio non est. A atque eum ipsa harum optio. Corporis quibusdam vitae tempore qui beatae omnis culpa non.',0,1,'2013-04-28 03:21:41'),(47,66,25,'Et eaque numquam nihil. Cupiditate hic vel ipsum aut praesentium. Magnam beatae minima qui recusandae enim.',1,1,'2018-09-19 10:25:04'),(48,24,47,'Et explicabo tenetur ipsa modi eos eum enim. Eos quo excepturi qui consequuntur explicabo. Consequatur quae eos animi magni amet aut. Vero unde nulla aut ullam.',1,1,'2013-07-04 20:10:02'),(49,62,69,'Corporis ex animi et molestiae. Sunt debitis dolores pariatur. Voluptatibus similique eaque nihil rerum voluptatibus autem fugiat. Sunt est rerum perferendis distinctio qui voluptatem.',1,1,'2014-09-23 08:45:05'),(50,59,85,'Voluptatibus dolores odit qui. Perspiciatis vero et odit impedit ut minima.',0,1,'2015-01-02 16:08:55'),(51,48,83,'Aperiam enim ipsum sed nostrum. Quis omnis placeat velit est minus id. Ratione nobis ad qui nisi.',1,1,'2012-11-15 21:51:55'),(52,73,15,'Voluptatem et commodi eligendi modi. At sapiente distinctio iste labore error dolores. Sint hic mollitia consequuntur quas deleniti omnis illo.',1,1,'2013-01-26 10:47:03'),(53,56,34,'Consequuntur natus qui tempora illo nihil nobis. Consequatur dolores fuga molestias laborum. Numquam aut quidem voluptates esse sit neque. Et quis aspernatur praesentium fugit.',1,0,'2013-08-04 19:57:06'),(54,4,14,'Qui nihil ut rem at. Repellat voluptatem dolores deserunt sed expedita neque dolorem.',0,0,'2012-07-20 07:44:17'),(55,59,52,'Ut in deleniti possimus exercitationem quam vel. Aspernatur eos quidem cumque est. Rerum quos molestiae magni et fugit.',1,0,'2019-12-31 04:31:37'),(56,81,50,'Accusantium ipsa dolor sed qui. Harum magni aspernatur delectus doloribus et fuga. Impedit consequuntur veritatis et a nesciunt. Consequuntur eos dolorem aliquid neque.',1,0,'2020-02-07 02:21:07'),(57,7,83,'Provident fugiat voluptatum ratione eius id. Quibusdam accusantium vero vitae dolorum. Ut excepturi accusamus omnis repellat. Fuga eligendi dolor velit sint sapiente dolorem officia.',0,0,'2017-03-13 03:58:39'),(58,96,28,'Corporis molestias omnis et. Ea tempore voluptatibus corrupti voluptates. Nihil inventore ducimus reiciendis unde.',1,0,'2011-11-03 21:18:57'),(59,52,78,'Facere quibusdam esse quia nesciunt distinctio odit. Maxime voluptas omnis repudiandae dolorum distinctio et. Dolores at et totam id aspernatur aut.',0,0,'2020-01-22 12:30:35'),(60,30,19,'Eum odio accusamus ad unde deserunt qui. Quas suscipit inventore assumenda rerum dignissimos amet. Et minus sequi laborum veritatis. Nisi distinctio architecto quidem nesciunt.',0,0,'2016-10-03 01:54:37'),(61,2,54,'Possimus beatae omnis voluptatibus repellendus. Reprehenderit vel animi nihil at cumque. Optio molestiae velit animi exercitationem voluptatem voluptatum dolorem. Vitae facilis id dignissimos quia recusandae excepturi voluptatem cupiditate.',0,0,'2012-06-04 03:51:03'),(62,63,51,'Porro perspiciatis et molestiae et id praesentium sequi. Ducimus cupiditate neque natus cupiditate et tempore eaque. In quis itaque et vero accusantium perferendis.',0,0,'2019-01-18 22:32:11'),(63,65,75,'Eligendi similique et ea quam voluptatem sunt perferendis. Voluptatibus est sit blanditiis sed ipsum praesentium. Aut ipsa deserunt fugiat quia earum. Hic est deleniti occaecati nesciunt.',0,1,'2021-01-13 20:54:35'),(64,76,56,'Ex ea possimus optio consequatur. Quaerat ut illum qui consectetur repellat. Alias inventore dignissimos aut aut sit. Deserunt doloremque nobis rerum mollitia sunt quo excepturi.',1,1,'2012-12-31 15:56:14'),(65,52,90,'Totam reprehenderit ut facilis deserunt voluptates. Nam doloribus laborum sapiente occaecati assumenda est voluptas dolores. At quibusdam est est qui recusandae.',0,0,'2014-04-22 20:44:27'),(66,93,94,'Delectus sequi harum rerum eveniet sit saepe voluptatum labore. Unde veritatis et distinctio voluptates nihil blanditiis et. Nisi et voluptas asperiores autem.',1,1,'2011-09-18 14:51:34'),(67,93,80,'Illum perspiciatis ut quia neque et et. Optio quisquam qui quod doloremque quia consequatur sunt. Incidunt et sed occaecati sapiente ut quas. Veniam natus aut maxime autem iste est. Numquam nesciunt est ratione eum corporis nisi beatae.',0,0,'2013-11-27 02:13:49'),(68,21,66,'Ipsum ab eum incidunt eum sed. Vero ab aut minima occaecati fugit dolore asperiores. Est rerum ab adipisci quidem. Qui autem illum reiciendis fuga neque facilis aut. Ut vero placeat natus veniam voluptatem.',1,0,'2012-07-19 06:18:40'),(69,66,31,'Iusto praesentium voluptatum tempora. Ut perspiciatis quo maiores ab ut pariatur. Aut corrupti ut quidem praesentium nemo sunt quo.',1,1,'2020-10-04 23:08:25'),(70,55,84,'Earum ipsam voluptatem earum corrupti eos molestiae. Illum nihil architecto vel odio sit quia et dolorem. Vero maiores reiciendis quia accusantium autem magni.',1,1,'2020-12-05 19:51:30'),(71,54,15,'Laboriosam in esse corporis voluptatem aperiam cum quia possimus. Quos corrupti totam assumenda ut voluptas doloribus nostrum fugit.',1,0,'2011-10-08 04:16:24'),(72,15,30,'Vel ad voluptatem adipisci quo. Rem excepturi dolores deleniti libero inventore perferendis molestiae veritatis. Id aut similique totam officia ipsam. Voluptatum hic aut et ad sequi.',0,1,'2020-12-18 20:18:03'),(73,2,19,'Optio facere occaecati illo recusandae quia. Vel eius magnam fuga ipsam aut praesentium repudiandae. Perspiciatis possimus repellendus vero ea id hic quis.',1,1,'2015-05-03 11:14:35'),(74,91,95,'Quis minima veniam et accusamus iusto suscipit explicabo. Cumque doloribus sunt nulla aut est ex accusantium laboriosam. Ex voluptatem et sit eligendi ut ex qui. Fuga aliquid sit molestias laudantium hic. Quos temporibus dolorum hic error non velit modi ab.',1,1,'2012-11-07 11:00:56'),(75,2,23,'Tempore cumque explicabo velit voluptatibus voluptatem quidem. Eveniet id eaque dolor in. Pariatur autem enim dolore nemo.',0,0,'2017-11-23 12:56:26'),(76,9,76,'Eum ad perferendis ducimus est mollitia distinctio. Et in qui deleniti distinctio. Nobis vitae sed dolor sed assumenda sint veniam. Est et quisquam minus quia. Vel debitis incidunt iusto repudiandae et sunt.',1,0,'2014-08-24 09:06:06'),(77,51,26,'Optio odio vel eaque labore dolor. Laborum enim unde quis unde eius quia. Iure sit est modi laboriosam eius sint.',0,1,'2019-05-15 02:05:34'),(78,79,13,'Asperiores quibusdam iste quae at voluptatem id. Perferendis fugiat ut aut non et ut sint.',1,1,'2019-01-14 03:47:08'),(79,31,16,'Aliquid atque quod ea aut unde. Sit saepe aliquid nemo voluptatibus eum. Repudiandae iusto voluptas non incidunt dolorem.',1,0,'2014-06-10 07:20:11'),(80,84,74,'Et et quidem eveniet inventore eos necessitatibus. Sed quod qui sunt voluptas sed sapiente modi voluptatem. Mollitia ut a minima autem culpa. Temporibus et voluptatem optio.',0,0,'2018-02-25 11:03:29'),(81,18,66,'Sed cum et sed ut quisquam nostrum. Ea velit ratione sed enim voluptas non molestiae.',0,0,'2020-10-08 03:37:22'),(82,77,86,'Non maiores ut incidunt rerum provident magnam accusantium minima. Officiis esse ex deserunt sit placeat dolores fuga. Et impedit tempora sint saepe aut. Id aut pariatur et numquam possimus quo veniam.',0,1,'2013-11-11 13:34:19'),(83,100,39,'Porro dolores voluptatem est fugit in enim. Labore quo cum quo minus dolore voluptatem. Dignissimos commodi tempora reiciendis autem qui. Delectus nihil commodi aut similique qui et aspernatur.',0,1,'2020-05-02 21:41:34'),(84,96,62,'Minus inventore voluptate veniam ut quos. Doloribus doloremque maiores aliquid beatae est ipsa dolor delectus. Tempore rerum sapiente magnam modi nostrum in. Vel rerum ullam blanditiis ut eos rerum.',1,1,'2011-08-19 06:30:54'),(85,22,25,'Recusandae dignissimos eius doloribus iusto libero eius dicta. Nihil itaque similique a. Sint et necessitatibus et excepturi magni.',1,0,'2018-08-31 13:35:59'),(86,56,6,'Temporibus assumenda accusamus iure voluptatibus. Aut consequatur omnis aperiam sit eligendi libero. Ab ex eum repudiandae quisquam sint vel.',0,0,'2014-06-20 02:47:31'),(87,60,81,'Delectus sit omnis quis consequatur et non. Quis dolor blanditiis aut ipsum omnis aliquam. Ab facere voluptatem dolore recusandae quis dignissimos neque voluptatem. Ut iste delectus repudiandae est.',0,1,'2012-09-24 07:41:09'),(88,25,80,'Soluta ab eligendi laborum et ex at. Doloribus corrupti et corrupti. Quibusdam doloremque atque numquam id aut quis eaque placeat. Ea odio consectetur et.',1,0,'2012-09-25 23:05:25'),(89,25,86,'Architecto aliquam non nam hic laborum rerum. Nostrum non aut error non quaerat. Quae consequatur dolor impedit eligendi.',0,1,'2018-10-14 06:35:14'),(90,52,5,'Distinctio nostrum quia quidem ut enim ipsum. Et blanditiis dolor quis doloremque nisi. Dignissimos veritatis voluptas eos sint.',1,0,'2012-12-19 01:42:21'),(91,66,14,'Qui alias similique omnis sed hic eos sit. Placeat suscipit sed reiciendis. Enim odit a possimus. Quasi nesciunt quo blanditiis aliquam enim.',0,1,'2020-03-18 14:58:19'),(92,74,26,'Vel necessitatibus sequi aut non non dolorum. Autem mollitia odio dolor reiciendis nostrum tempore libero eius. Eos quisquam et officiis vel explicabo animi. Qui aut distinctio et et et ut.',0,1,'2014-06-24 16:50:19'),(93,8,63,'Totam omnis asperiores repellendus quidem. Quam reiciendis repudiandae commodi esse porro quaerat quo. Sed optio impedit voluptas est architecto quibusdam. Quis iure enim in accusantium ab. Eum labore accusamus quos iure atque.',1,0,'2013-03-01 21:29:22'),(94,88,50,'Ipsa quam sint incidunt at. Minus corporis vel ipsam id. Ut adipisci totam est quaerat et.',0,0,'2012-12-10 23:24:38'),(95,87,83,'Cum voluptatem provident enim sapiente. Temporibus repellat praesentium ut sit laudantium ipsa. Et aut quo quae nemo. Quaerat vel et distinctio inventore.',0,0,'2013-04-16 21:30:05'),(96,53,16,'Porro voluptatem dicta autem ut facilis ea. Assumenda sit est unde quia esse amet tenetur. Provident et nihil ad distinctio.',1,0,'2015-02-04 14:28:44'),(97,22,62,'Ab voluptas placeat qui et molestias provident reprehenderit id. Sint aspernatur aliquam praesentium neque non facilis sint. Saepe minus eaque laudantium tenetur consequatur sed. Quaerat placeat nihil eius ratione.',0,1,'2015-07-20 04:37:19'),(98,43,28,'Fugiat sapiente sed accusamus vitae et. Exercitationem doloremque et nisi animi. Inventore et in ut quas. Fuga explicabo consequatur incidunt sint nihil.',0,1,'2019-09-24 01:04:13'),(99,10,68,'Ullam aut enim similique nostrum est enim sunt. Rerum soluta dolores maiores esse. Enim earum quos dolor et molestias rerum.',0,0,'2016-07-04 18:42:30'),(100,7,33,'Eius officia voluptas et quam. Et aut quia exercitationem harum. Harum officia id nemo provident voluptatum quod voluptatem. Qui quae sapiente officiis voluptates blanditiis ut ex.',1,1,'2011-07-26 11:35:10');
/*!40000 ALTER TABLE `messages` ENABLE KEYS */;
UNLOCK TABLES;

--
-- Table structure for table `profiles`
--

DROP TABLE IF EXISTS `profiles`;
/*!40101 SET @saved_cs_client     = @@character_set_client */;
/*!50503 SET character_set_client = utf8mb4 */;
CREATE TABLE `profiles` (
  `user_id` int unsigned NOT NULL COMMENT '╨б╤Б╤Л╨╗╨║╨░ ╨╜╨░ ╨┐╨╛╨╗╤М╨╖╨╛╨▓╨░╤В╨╡╨╗╤П',
  `gender` enum('m','f') COLLATE utf8mb4_unicode_ci DEFAULT NULL,
  `birthday` date DEFAULT NULL COMMENT '╨Ф╨░╤В╨░ ╤А╨╛╨╢╨┤╨╡╨╜╨╕╤П',
  `city_id` int unsigned DEFAULT NULL COMMENT '╨б╤Б╤Л╨╗╨║╨░ ╨╜╨░ ╨│╨╛╤А╨╛╨┤ ╨┐╤А╨╛╨╢╨╕╨▓╨░╨╜╨╕╤П',
  `created_at` datetime DEFAULT CURRENT_TIMESTAMP COMMENT '╨Т╤А╨╡╨╝╤П ╤Б╨╛╨╖╨┤╨░╨╜╨╕╤П ╤Б╤В╤А╨╛╨║╨╕',
  `updated_at` datetime DEFAULT CURRENT_TIMESTAMP ON UPDATE CURRENT_TIMESTAMP COMMENT '╨Т╤А╨╡╨╝╤П ╨╛╨▒╨╜╨╛╨▓╨╗╨╡╨╜╨╕╤П ╤Б╤В╤А╨╛╨║╨╕',
  PRIMARY KEY (`user_id`)
) ENGINE=InnoDB DEFAULT CHARSET=utf8mb4 COLLATE=utf8mb4_unicode_ci COMMENT='╨Я╤А╨╛╤Д╨╕╨╗╨╕';
/*!40101 SET character_set_client = @saved_cs_client */;

--
-- Dumping data for table `profiles`
--

LOCK TABLES `profiles` WRITE;
/*!40000 ALTER TABLE `profiles` DISABLE KEYS */;
INSERT INTO `profiles` VALUES (1,'f','2017-05-13',25,'2017-05-13 13:35:26','2021-07-14 22:23:21'),(2,'m','2003-10-24',46,'2003-10-24 18:14:01','2021-07-14 22:23:21'),(3,'f','2010-03-22',53,'2010-03-22 15:50:08','2021-07-14 22:23:21'),(4,'f','1980-05-09',29,'1980-05-09 00:09:40','2021-07-14 22:23:21'),(5,'m','2020-07-14',87,'2020-07-14 19:51:21','2021-07-14 22:23:21'),(6,'f','2008-03-12',46,'2008-03-12 21:16:46','2021-07-14 22:23:21'),(7,'m','1990-04-10',68,'2014-11-27 23:38:32','2021-07-11 21:18:58'),(8,'m','2018-03-01',1,'2018-03-01 22:57:44','2021-07-14 22:23:21'),(9,'f','2020-10-04',1,'2020-10-04 15:33:42','2021-07-14 22:23:21'),(10,'m','1972-12-28',3,'1972-12-28 09:05:10','2021-07-14 22:23:21'),(11,'m','1986-06-10',13,'1986-06-10 19:16:38','2021-07-14 22:23:21'),(12,'m','2007-11-23',52,'2007-11-23 08:42:29','2021-07-14 22:23:21'),(13,'f','2001-07-03',20,'2008-04-25 16:09:27','2021-07-11 21:18:58'),(14,'f','2021-04-17',45,'2021-04-17 13:34:48','2021-07-14 22:23:21'),(15,'f','2000-01-01',66,'2000-01-01 12:29:37','2021-07-14 22:23:21'),(16,'m','1982-08-16',92,'2000-01-10 21:21:48','2021-07-11 21:18:58'),(17,'f','1976-11-16',64,'1976-11-16 17:29:16','2021-07-14 22:23:21'),(18,'f','1997-10-16',41,'1997-10-16 05:41:58','2021-07-14 22:23:21'),(19,'f','2002-06-10',14,'2002-06-10 15:47:33','2021-07-14 22:23:21'),(20,'f','1990-01-25',46,'1990-01-25 09:22:19','2021-07-14 22:23:21'),(21,'f','1984-08-18',86,'1984-08-18 17:17:31','2021-07-14 22:23:21'),(22,'f','2021-02-02',95,'2021-02-02 04:39:16','2021-07-14 22:23:21'),(23,'f','1998-11-06',13,'1998-11-06 19:08:47','2021-07-14 22:23:21'),(24,'f','2005-04-11',81,'2020-07-06 20:22:56','2021-07-11 21:18:58'),(25,'f','1995-06-18',64,'1995-06-18 03:56:55','2021-07-14 22:23:21'),(26,'m','2002-05-04',77,'2002-05-04 01:47:37','2021-07-14 22:23:21'),(27,'f','1994-10-11',91,'1994-10-11 17:13:40','2021-07-14 22:23:21'),(28,'m','1999-02-04',25,'1999-02-04 15:15:33','2021-07-14 22:23:21'),(29,'m','2009-07-30',53,'2009-07-30 04:56:30','2021-07-14 22:23:21'),(30,'m','2010-10-18',90,'2010-10-18 23:14:13','2021-07-14 22:23:21'),(31,'f','2017-10-29',89,'2017-10-29 21:35:34','2021-07-14 22:23:21'),(32,'f','1987-08-24',75,'1987-08-24 22:15:10','2021-07-14 22:23:21'),(33,'m','2008-12-09',9,'2014-08-10 20:53:49','2021-07-11 21:18:58'),(34,'m','1978-06-17',18,'1978-06-17 17:28:55','2021-07-14 22:23:21'),(35,'f','1978-09-24',64,'1978-09-24 04:18:48','2021-07-14 22:23:21'),(36,'m','1999-08-05',62,'1999-08-05 16:53:01','2021-07-14 22:23:21'),(37,'m','1999-07-29',21,'1999-07-29 01:10:07','2021-07-14 22:23:21'),(38,'m','1981-08-28',19,'2013-02-12 11:59:28','2021-07-11 21:18:58'),(39,'f','2011-04-06',32,'2019-12-27 16:31:33','2021-07-11 21:18:58'),(40,'m','1972-05-09',100,'1972-05-09 11:23:41','2021-07-14 22:23:21'),(41,'m','2018-02-07',4,'2018-02-07 16:57:15','2021-07-14 22:23:21'),(42,'f','1986-01-02',20,'1986-01-02 22:05:33','2021-07-14 22:23:21'),(43,'m','2010-09-28',86,'2010-09-28 12:20:47','2021-07-14 22:23:21'),(44,'f','2018-11-18',70,'2018-11-18 00:49:23','2021-07-14 22:23:21'),(45,'f','1975-11-29',90,'1975-11-29 03:00:10','2021-07-14 22:23:21'),(46,'f','2016-10-27',41,'2016-10-27 23:26:37','2021-07-14 22:23:21'),(47,'f','2011-12-25',33,'2011-12-25 12:55:23','2021-07-14 22:23:21'),(48,'m','2006-05-26',44,'2006-05-26 01:52:55','2021-07-14 22:23:21'),(49,'m','1977-02-11',18,'1977-02-11 12:04:27','2021-07-14 22:23:21'),(50,'f','2004-02-15',58,'2004-02-15 15:16:15','2021-07-14 22:23:21'),(51,'m','1995-10-30',36,'1995-10-30 04:04:17','2021-07-14 22:23:21'),(52,'f','1992-10-04',4,'1992-10-04 02:10:33','2021-07-14 22:23:21'),(53,'f','1976-05-24',10,'1976-05-24 03:23:14','2021-07-14 22:23:21'),(54,'m','2018-05-05',41,'2018-05-05 12:51:28','2021-07-14 22:23:21'),(55,'m','2003-05-17',72,'2010-05-15 16:13:54','2021-07-11 21:18:58'),(56,'f','1984-08-16',39,'1984-08-16 00:54:09','2021-07-14 22:23:21'),(57,'f','1995-10-28',79,'2015-09-25 07:19:34','2021-07-11 21:18:58'),(58,'m','2011-01-14',77,'2011-01-14 17:05:46','2021-07-14 22:23:21'),(59,'m','2000-05-24',46,'2000-05-24 12:28:34','2021-07-14 22:23:21'),(60,'f','1991-03-13',98,'1991-03-13 12:13:31','2021-07-14 22:23:21'),(61,'m','1994-05-12',53,'1994-05-12 05:30:14','2021-07-14 22:23:21'),(62,'f','1996-07-05',70,'1996-07-05 10:34:37','2021-07-14 22:23:21'),(63,'m','2019-07-03',91,'2019-07-03 22:23:17','2021-07-14 22:23:21'),(64,'m','1991-01-24',46,'1991-01-24 10:22:42','2021-07-14 22:23:21'),(65,'f','2019-07-24',54,'2019-07-24 03:07:57','2021-07-14 22:23:21'),(66,'f','1976-11-19',34,'2017-03-09 07:24:15','2021-07-11 21:18:58'),(67,'f','2003-02-17',6,'2003-02-17 00:22:22','2021-07-14 22:23:21'),(68,'f','2009-03-18',30,'2009-03-18 00:02:49','2021-07-14 22:23:21'),(69,'m','1994-06-19',29,'1994-06-19 18:13:44','2021-07-14 22:23:21'),(70,'m','1991-02-17',54,'1991-02-17 10:14:38','2021-07-14 22:23:21'),(71,'f','1993-07-07',81,'2015-08-04 18:44:16','2021-07-11 21:18:58'),(72,'m','2020-12-26',45,'2020-12-26 12:09:10','2021-07-14 22:23:21'),(73,'f','1971-01-24',81,'2002-09-27 18:15:56','2021-07-11 21:18:58'),(74,'m','1975-03-15',69,'1975-03-15 03:01:02','2021-07-14 22:23:21'),(75,'m','1977-08-31',4,'1977-08-31 10:56:22','2021-07-14 22:23:21'),(76,'m','1994-03-29',9,'1994-03-29 11:01:52','2021-07-14 22:23:21'),(77,'m','2017-02-16',35,'2017-02-16 08:39:26','2021-07-14 22:23:21'),(78,'m','1999-08-17',48,'1999-08-17 11:51:15','2021-07-14 22:23:21'),(79,'m','1993-11-01',34,'1993-11-01 00:01:24','2021-07-14 22:23:21'),(80,'f','1978-11-09',27,'2021-02-21 14:35:17','2021-07-11 21:18:58'),(81,'f','1972-01-30',32,'2008-08-21 19:54:12','2021-07-11 21:18:58'),(82,'f','1993-11-19',79,'1993-11-19 00:16:00','2021-07-14 22:23:21'),(83,'f','1971-03-23',96,'1971-03-23 20:40:30','2021-07-14 22:23:21'),(84,'m','2013-12-21',45,'2013-12-21 13:29:13','2021-07-14 22:23:21'),(85,'m','2003-02-23',37,'2003-02-23 19:41:49','2021-07-14 22:23:21'),(86,'m','2021-02-09',47,'2021-02-09 02:34:34','2021-07-14 22:23:21'),(87,'m','1970-11-15',22,'1979-05-07 13:02:47','2021-07-11 21:18:58'),(88,'m','1980-07-13',72,'1980-07-13 05:12:19','2021-07-14 22:23:21'),(89,'f','2005-12-02',94,'2005-12-02 23:08:39','2021-07-14 22:23:21'),(90,'m','1981-04-06',51,'2009-05-06 03:18:19','2021-07-11 21:18:58'),(91,'f','1985-01-28',73,'1985-01-28 03:33:37','2021-07-14 22:23:21'),(92,'m','1970-09-02',12,'1970-09-02 04:42:52','2021-07-14 22:23:21'),(93,'m','1975-11-19',39,'1998-12-26 12:59:08','2021-07-11 21:18:58'),(94,'m','2000-11-01',59,'2000-11-01 07:38:42','2021-07-14 22:23:21'),(95,'f','1970-06-06',76,'1974-10-10 13:03:58','2021-07-11 21:18:58'),(96,'f','2008-02-19',3,'2008-02-19 05:50:08','2021-07-14 22:23:21'),(97,'f','1979-10-19',85,'1998-12-22 22:55:43','2021-07-11 21:18:58'),(98,'f','2015-11-03',19,'2015-11-03 17:19:34','2021-07-14 22:23:21'),(99,'m','1987-02-19',36,'2014-03-03 22:06:38','2021-07-11 21:18:58'),(100,'m','1992-07-05',24,'1992-07-05 18:27:11','2021-07-14 22:23:21');
/*!40000 ALTER TABLE `profiles` ENABLE KEYS */;
UNLOCK TABLES;

--
-- Table structure for table `users`
--

DROP TABLE IF EXISTS `users`;
/*!40101 SET @saved_cs_client     = @@character_set_client */;
/*!50503 SET character_set_client = utf8mb4 */;
CREATE TABLE `users` (
  `id` int unsigned NOT NULL AUTO_INCREMENT COMMENT '╨Ш╨┤╨╡╨╜╤В╨╕╤Д╨╕╨║╨░╤В╨╛╤А ╤Б╤В╤А╨╛╨║╨╕',
  `first_name` varchar(100) CHARACTER SET utf8mb4 COLLATE utf8mb4_unicode_ci NOT NULL COMMENT '╨Ш╨╝╤П ╨┐╨╛╨╗╤М╨╖╨╛╨▓╨░╤В╨╡╨╗╤П',
  `last_name` varchar(100) CHARACTER SET utf8mb4 COLLATE utf8mb4_unicode_ci NOT NULL COMMENT '╨д╨░╨╝╨╕╨╗╨╕╤П ╨┐╨╛╨╗╤М╨╖╨╛╨▓╨░╤В╨╡╨╗╤П',
  `email` varchar(100) CHARACTER SET utf8mb4 COLLATE utf8mb4_unicode_ci NOT NULL COMMENT '╨Я╨╛╤З╤В╨░',
  `phone` varchar(100) CHARACTER SET utf8mb4 COLLATE utf8mb4_unicode_ci NOT NULL COMMENT '╨в╨╡╨╗╨╡╤Д╨╛╨╜',
  `created_at` datetime DEFAULT CURRENT_TIMESTAMP COMMENT '╨Т╤А╨╡╨╝╤П ╤Б╨╛╨╖╨┤╨░╨╜╨╕╤П ╤Б╤В╤А╨╛╨║╨╕',
  `updated_at` datetime DEFAULT CURRENT_TIMESTAMP ON UPDATE CURRENT_TIMESTAMP COMMENT '╨Т╤А╨╡╨╝╤П ╨╛╨▒╨╜╨╛╨▓╨╗╨╡╨╜╨╕╤П ╤Б╤В╤А╨╛╨║╨╕',
  PRIMARY KEY (`id`),
  UNIQUE KEY `email` (`email`),
  UNIQUE KEY `phone` (`phone`)
) ENGINE=InnoDB AUTO_INCREMENT=101 DEFAULT CHARSET=utf8mb4 COLLATE=utf8mb4_unicode_ci COMMENT='╨Я╨╛╨╗╤М╨╖╨╛╨▓╨░╤В╨╡╨╗╨╕';
/*!40101 SET character_set_client = @saved_cs_client */;

--
-- Dumping data for table `users`
--

LOCK TABLES `users` WRITE;
/*!40000 ALTER TABLE `users` DISABLE KEYS */;
INSERT INTO `users` VALUES (1,'Oran','Goyette','ondricka.ashly@example.net','008.293.7542','2020-12-27 19:26:26','2021-07-11 21:01:35'),(2,'Tommie','Lueilwitz','obie.carter@example.com','1-304-139-6595x877','2016-08-13 17:30:53','2021-07-11 21:01:35'),(3,'Grady','Stoltenberg','fgusikowski@example.net','1-106-345-9638','2016-01-13 15:11:22','2021-07-11 21:01:35'),(4,'Rory','Goodwin','littel.ephraim@example.org','04017631989','2018-10-16 08:03:09','2018-11-13 21:32:24'),(5,'Emma','Zboncak','monahan.elna@example.com','1-675-272-1905x57768','2014-04-13 08:26:44','2020-05-28 09:32:36'),(6,'Rashad','Boehm','nicolas.minnie@example.net','1-549-885-6036','2020-08-13 02:14:15','2021-07-11 21:01:35'),(7,'Ruben','Doyle','gilbert01@example.org','789-160-9007','2012-06-26 21:58:25','2012-08-04 16:48:51'),(8,'Dock','Daugherty','antonetta61@example.net','(001)525-7954','2015-09-19 11:54:07','2021-07-11 21:01:35'),(9,'Lucius','Kemmer','ywiegand@example.org','1-245-512-4388','2012-11-20 19:55:51','2019-04-15 06:36:04'),(10,'Sam','Jenkins','trace.cruickshank@example.net','934.899.7885x145','2013-01-23 07:50:25','2014-03-08 01:55:53'),(11,'Filiberto','Nicolas','spinka.nicholas@example.com','465-077-3420x563','2014-08-04 14:56:23','2020-09-08 22:14:47'),(12,'Mya','Lind','orland.jakubowski@example.net','06563303477','2013-02-16 12:11:18','2019-05-23 16:50:44'),(13,'Camilla','Stamm','romaguera.jarrett@example.net','(637)871-3719x565','2014-10-09 12:53:41','2015-11-15 14:56:50'),(14,'Rocky','Herzog','rdaniel@example.com','241.921.6831','2013-09-20 19:15:12','2016-12-10 00:25:54'),(15,'Francesco','McDermott','jaydon.murphy@example.com','482-530-6263','2020-11-11 15:25:58','2021-07-11 21:01:35'),(16,'Jonatan','White','dorris.cassin@example.net','1-854-687-3860x59583','2014-04-29 07:41:28','2021-07-11 21:01:35'),(17,'Maude','Hilll','otto24@example.org','204.762.2660x935','2018-01-09 04:45:15','2021-07-11 21:01:35'),(18,'Earlene','Langosh','bblanda@example.com','1-200-854-3309','2014-04-27 14:41:01','2017-03-15 00:47:45'),(19,'Nolan','Labadie','fiona75@example.net','+55(0)9922751466','2019-12-11 09:32:24','2021-07-11 21:01:35'),(20,'Vivienne','Lebsack','plemke@example.com','(287)731-5398x164','2016-07-30 23:35:50','2021-04-29 12:00:18'),(21,'Florian','Howe','brakus.triston@example.net','070-129-9905x3237','2020-06-20 00:15:27','2021-07-11 21:01:35'),(22,'Ursula','Russel','isadore.morar@example.org','(673)408-0236x51742','2019-04-16 16:30:07','2020-12-26 17:45:38'),(23,'Bret','Emard','jacinthe71@example.com','(043)515-5219x2610','2019-05-31 07:58:21','2021-07-11 21:01:35'),(24,'Herminia','Thiel','rutherford.dovie@example.com','202-811-5114x1153','2013-11-04 03:25:08','2017-09-08 20:21:37'),(25,'Dianna','Wintheiser','kgleichner@example.net','+85(8)1222429242','2019-04-30 14:53:33','2020-05-31 17:39:18'),(26,'Kaci','Sawayn','hubert.reilly@example.net','1-218-718-9502','2017-08-19 18:04:13','2018-09-30 23:01:17'),(27,'Nya','Murphy','brad53@example.com','1-492-288-2402x59950','2020-01-23 11:53:09','2020-04-17 21:04:16'),(28,'Ozella','Upton','kristian31@example.org','1-953-313-5451','2014-02-18 08:28:32','2018-02-21 14:06:14'),(29,'Anya','Feest','lauren.kihn@example.org','1-822-825-4288','2019-08-15 12:35:47','2021-07-11 21:01:35'),(30,'Alyce','Simonis','princess.mitchell@example.com','04723540132','2020-02-22 00:34:42','2021-07-11 21:01:35'),(31,'Fiona','Veum','fausto40@example.com','313-142-6091x15595','2021-06-18 16:43:35','2021-07-11 21:01:35'),(32,'Brendan','Ernser','zkertzmann@example.net','(151)253-5082x15041','2012-05-04 13:38:13','2021-05-27 09:08:34'),(33,'Dereck','Hackett','emmanuel.kassulke@example.org','+42(9)7509284309','2012-07-25 10:33:40','2017-02-21 07:31:08'),(34,'Amani','Farrell','marvin.lindgren@example.org','158-502-5414x224','2019-04-14 21:05:24','2021-07-11 21:01:35'),(35,'Nash','Heathcote','adams.bennett@example.com','06511005882','2017-03-14 01:44:48','2017-09-27 14:26:33'),(36,'Zoe','Weimann','adonis.heller@example.org','963.525.2602x6611','2015-02-02 08:04:46','2019-05-16 14:43:01'),(37,'Prince','Conroy','guillermo.anderson@example.com','122.774.1268x52191','2011-07-29 15:00:49','2013-01-30 01:56:57'),(38,'Talon','Barrows','tkub@example.com','091.327.1857x10522','2013-02-05 23:37:15','2017-10-24 05:12:35'),(39,'Sherman','Ullrich','vincenzo.kunde@example.net','1-502-095-0619x319','2012-06-18 07:12:18','2017-11-05 21:05:23'),(40,'Maymie','Jakubowski','connie.hand@example.com','994.053.8422','2021-06-27 13:51:07','2021-07-11 21:01:35'),(41,'Octavia','Zboncak','kschuster@example.org','688.720.1268','2012-07-10 23:09:29','2014-06-21 00:30:12'),(42,'Tabitha','Kemmer','obeer@example.org','(602)465-7507x63346','2014-09-06 15:40:47','2021-07-11 21:01:35'),(43,'Alfonso','Swift','marvin.merl@example.net','400.518.2187','2012-12-18 00:28:10','2019-08-15 10:45:38'),(44,'Maci','Reynolds','ally33@example.org','07311357277','2020-12-10 11:18:26','2021-07-11 21:01:35'),(45,'Colleen','Friesen','xstanton@example.org','1-775-614-0358x43878','2013-10-02 12:00:29','2020-02-18 07:00:14'),(46,'Jacey','Muller','hcarter@example.com','332-029-2014','2018-07-29 02:45:20','2021-07-11 21:01:35'),(47,'Osborne','Stokes','pearl79@example.org','539.606.6292x801','2015-07-25 17:42:09','2021-07-11 21:01:35'),(48,'Pascale','Wolf','bbayer@example.net','672.724.9127x12544','2012-03-29 13:28:11','2013-12-08 20:54:40'),(49,'Raul','Crona','wilford04@example.net','+39(3)1379733072','2018-07-15 03:59:01','2021-07-11 21:01:35'),(50,'Elliot','Gusikowski','metz.corbin@example.com','033-270-5484x7114','2020-09-24 04:09:24','2021-07-11 21:01:35'),(51,'Delfina','Hauck','hgorczany@example.org','204.243.8092','2015-02-28 18:20:17','2021-07-11 21:01:35'),(52,'Vincenzo','Beier','zledner@example.com','410.253.3735','2019-06-22 01:19:40','2021-07-11 21:01:35'),(53,'Shawna','Mraz','lincoln.auer@example.net','1-174-005-1667x707','2021-02-05 19:11:50','2021-07-11 21:01:35'),(54,'Isadore','Kemmer','carolyne.buckridge@example.net','170-384-5473x16076','2015-05-04 15:14:32','2021-03-02 17:39:23'),(55,'Uriel','Schamberger','eveline37@example.net','+48(3)9295233784','2017-05-21 06:23:56','2018-03-31 15:54:40'),(56,'Bertha','Denesik','sullrich@example.com','521.304.4209','2012-08-18 08:15:58','2015-06-12 15:50:09'),(57,'Minerva','Kozey','dkrajcik@example.org','794.131.3656','2019-04-17 03:50:22','2021-07-11 21:01:35'),(58,'Bessie','Davis','howard21@example.com','(397)907-5632','2019-08-30 01:53:32','2021-07-11 21:01:35'),(59,'Ezekiel','Armstrong','lubowitz.rosendo@example.net','1-227-254-1405','2015-05-31 00:22:07','2021-07-11 21:01:35'),(60,'Melba','Sipes','tara27@example.org','+65(1)2723322114','2018-12-16 16:36:35','2021-07-11 21:01:35'),(61,'Vicenta','Moen','kunze.santiago@example.org','408-241-5794','2014-09-10 09:15:23','2021-07-11 21:01:35'),(62,'Destinee','Trantow','candice.moen@example.com','271.140.0918','2021-06-20 09:49:29','2021-07-11 21:01:35'),(63,'Kasandra','Langworth','lew69@example.org','437.815.6538','2020-07-26 18:41:10','2021-07-11 21:01:35'),(64,'Alexis','Auer','emma63@example.net','029.298.5189','2015-05-28 12:52:42','2020-06-20 14:04:30'),(65,'Allan','Bartell','mzieme@example.org','759.240.1623x617','2015-05-14 19:30:59','2021-07-11 21:01:35'),(66,'Asha','Kerluke','curt.kunde@example.org','(746)725-7950x721','2011-11-20 19:57:18','2013-03-20 06:21:30'),(67,'Opal','Franecki','djones@example.com','(713)851-5162x01869','2013-11-29 12:30:44','2015-05-18 22:31:53'),(68,'Orville','Maggio','kiehn.kathryne@example.com','518-698-1076x3136','2014-03-27 01:43:53','2021-07-11 21:01:35'),(69,'Hunter','Sanford','qhettinger@example.net','926.081.6440x8612','2012-08-01 01:34:36','2021-07-11 21:01:35'),(70,'Rosanna','Boehm','vnader@example.net','780.983.5486x568','2014-03-24 09:54:29','2019-11-18 06:30:52'),(71,'Sydnee','Lehner','kreiger.aaliyah@example.net','+28(3)9820905895','2016-06-26 11:42:12','2021-07-11 21:01:35'),(72,'Lucinda','Douglas','allene.watsica@example.net','1-445-802-0530x1393','2016-09-21 03:41:59','2021-04-20 03:08:46'),(73,'Freeman','Sanford','oren91@example.org','530.397.2815','2017-01-07 10:08:16','2021-07-11 21:01:35'),(74,'Lorna','Lubowitz','annabel42@example.org','309.244.1164','2017-07-17 02:53:35','2018-05-25 21:05:45'),(75,'Catalina','Rath','travon66@example.org','159-132-6335','2021-04-28 20:22:29','2021-07-11 21:01:35'),(76,'Kathryn','Quitzon','to\'hara@example.com','126-919-1082','2020-05-06 18:51:03','2021-07-11 21:01:35'),(77,'Maximillia','Dickens','moen.isabell@example.net','+88(9)8448810756','2011-07-10 09:47:22','2017-01-07 13:51:12'),(78,'Stephen','Dicki','jacquelyn44@example.net','293-311-1237x8440','2014-05-03 20:00:57','2020-05-30 19:50:00'),(79,'Simone','Maggio','ctremblay@example.net','147-318-3469x680','2012-10-24 08:56:16','2018-10-28 12:58:37'),(80,'Margarette','Hahn','walker.cleo@example.org','05069625431','2014-12-04 04:04:01','2021-07-11 21:01:35'),(81,'Chris','Rodriguez','mklein@example.org','307-049-0306x630','2014-09-02 10:56:14','2021-07-11 21:01:35'),(82,'Shawn','Heathcote','esperanza.jacobs@example.com','253-270-2222','2019-01-02 13:38:04','2021-07-11 21:01:35'),(83,'Keenan','Jacobson','rico.schaden@example.net','804-716-6973x1304','2020-02-22 08:46:15','2021-07-11 21:01:35'),(84,'Elza','Schumm','crist.angus@example.net','(711)044-9270','2017-12-16 15:24:10','2021-03-09 19:30:03'),(85,'Leif','King','alang@example.net','+65(4)4965935019','2019-05-03 12:16:32','2019-12-26 03:16:25'),(86,'Gilda','Yundt','dcassin@example.com','1-169-590-2648x122','2013-07-01 13:25:23','2018-08-26 15:59:58'),(87,'Giovanny','Walker','krodriguez@example.com','(546)279-6193x046','2020-06-29 08:31:28','2021-02-16 07:05:16'),(88,'Zack','Jerde','yolanda.mertz@example.net','112-556-9464','2013-01-28 00:29:39','2019-07-05 05:08:24'),(89,'Junior','O\'Connell','pmcclure@example.org','1-181-787-8405','2018-09-21 05:15:29','2021-07-11 21:01:35'),(90,'Dax','Cronin','effertz.magdalena@example.com','896-655-3611x2468','2019-06-17 03:23:22','2021-07-11 21:01:35'),(91,'Erich','Botsford','boehm.cale@example.org','217.122.0617x494','2012-01-03 12:44:20','2019-05-11 02:31:43'),(92,'Cooper','Kemmer','sawayn.jayson@example.com','(055)574-1150','2021-03-22 23:15:10','2021-07-11 21:01:35'),(93,'Alice','Sawayn','cmcglynn@example.com','00727166545','2018-01-13 17:50:13','2021-07-11 21:01:35'),(94,'Evert','Bauch','phamill@example.org','825-179-0257x308','2021-02-06 16:05:46','2021-07-11 21:01:35'),(95,'Flossie','O\'Hara','qkilback@example.net','1-025-155-5710x450','2021-06-03 16:22:02','2021-07-11 21:01:35'),(96,'Sadie','Moore','buckridge.kara@example.org','(066)810-3082','2020-06-07 14:33:53','2021-07-11 21:01:35'),(97,'Emmy','Feeney','trent.johns@example.com','+05(6)3452240560','2012-11-27 12:48:57','2021-07-11 21:01:35'),(98,'Skye','Lemke','obarton@example.com','1-437-552-8811x5111','2011-09-05 01:38:38','2021-03-11 06:05:32'),(99,'Candido','Jaskolski','lboyer@example.org','921-593-2638x971','2015-07-09 16:37:04','2021-03-26 20:24:26'),(100,'Madonna','Greenfelder','rkeeling@example.net','1-807-215-2546x56356','2012-11-03 15:16:42','2015-09-02 06:37:26');
/*!40000 ALTER TABLE `users` ENABLE KEYS */;
UNLOCK TABLES;
/*!40103 SET TIME_ZONE=@OLD_TIME_ZONE */;

/*!40101 SET SQL_MODE=@OLD_SQL_MODE */;
/*!40014 SET FOREIGN_KEY_CHECKS=@OLD_FOREIGN_KEY_CHECKS */;
/*!40014 SET UNIQUE_CHECKS=@OLD_UNIQUE_CHECKS */;
/*!40101 SET CHARACTER_SET_CLIENT=@OLD_CHARACTER_SET_CLIENT */;
/*!40101 SET CHARACTER_SET_RESULTS=@OLD_CHARACTER_SET_RESULTS */;
/*!40101 SET COLLATION_CONNECTION=@OLD_COLLATION_CONNECTION */;
/*!40111 SET SQL_NOTES=@OLD_SQL_NOTES */;

-- Dump completed on 2021-07-14 22:25:38
